id,score,length
d2olpa_,800.0,151
d3pi1a_,800.0,151
d3pi2a_,800.0,151
d3pi3a_,800.0,151
d3pi4a_,800.0,151
d3pt7a_,800.0,151
d3pt8a_,800.0,151
d6otwa_,800.0,151
d6otxa_,800.0,151
d6otya_,800.0,151
d2olpb_,800.0,151
d3pi1b_,800.0,151
d3pi2b_,800.0,151
d3pi3b_,800.0,151
d3pi4b_,800.0,151
d6otwb_,535.0,152
d6otxb_,535.0,152
d6otyb_,535.0,152
d3pt7b_,534.0,152
d3pt8b_,530.0,152
d1b0ba_,195.0,142
d1flpa_,192.0,142
d1moha_,192.0,142
d1ebta_,191.0,142
d1hlba_,146.0,157
d3uh5a_,142.0,145
d3uhra_,142.0,145
d3uh5b_,142.0,145
d3uhrb_,142.0,145
d6hbia_,141.0,145
d7hbia_,141.0,145
d6hbib_,141.0,145
d7hbib_,141.0,145
d2r4wa_,140.0,145
d2z85a_,140.0,145
d4hbia_,140.0,145
d5hbia_,140.0,145
d2r4wb_,140.0,145
d2z85b_,140.0,145
d4hbib_,140.0,145
d5hbib_,140.0,145
d3uhda_,139.0,145
d3uhxa_,139.0,145
d1jwna_,139.0,145
d1jzka_,139.0,145
d2av0a_,139.0,145
d2av3a_,139.0,145
d2hbia_,139.0,145
d1sctb_,139.0,150
d3uhdb_,139.0,145
d3uhxb_,139.0,145
d1jwnb_,139.0,145
d1jzkb_,139.0,145
d2av0b_,139.0,145
d2av3b_,139.0,145
d2hbib_,139.0,145
d4hrrb_,139.0,151
d4hrtb1,139.0,149
d1jwnc_,139.0,145
d1jzkc_,139.0,145
d1sctd_,139.0,150
d1jwnd_,139.0,145
d1jzkd_,139.0,145
d4hrrd_,139.0,151
d4hrtd1,139.0,149
d1sctf_,139.0,150
d4hrrf_,139.0,151
d4hrtf1,139.0,149
d1scth_,139.0,150
d4hrrh_,139.0,150
d4hrth1,139.0,149
d2auqa_,138.0,145
d2aura_,138.0,145
d1hbia_,138.0,145
d1jzla_,138.0,145
d1jzma_,138.0,145
d1nwia_,138.0,145
d1nwna_,138.0,145
d3qoba_,138.0,145
d3sdha_,138.0,145
d4sdha_,138.0,145
d2auqb_,138.0,145
d2aurb_,138.0,145
d1hbib_,138.0,145
d1jzlb_,138.0,145
d1jzmb_,138.0,145
d1nwib_,138.0,145
d1nwnb_,138.0,145
d3qobb_,138.0,145
d3sdhb_,138.0,145
d4sdhb_,138.0,145
d1nwic_,138.0,145
d1nwid_,138.0,145
d3uh3a_,137.0,145
d3uh6a_,137.0,145
d3uhca_,137.0,145
d3uhga_,137.0,145
d3uhsa_,137.0,145
d3uhta_,137.0,145
d3uhwa_,137.0,145
d3uhza_,137.0,145
d1nxfa_,137.0,145
d3g46a_,137.0,146
d3g4qa_,137.0,145
d3g4ra_,137.0,145
d3g4ua_,137.0,145
d3g4va_,137.0,145
d3g4wa_,137.0,145
d3g4ya_,137.0,145
d3g52a_,137.0,145
d3g53a_,137.0,145
d3uh3b_,137.0,145
d3uh6b_,137.0,145
d3uhcb_,137.0,145
d3uhgb_,137.0,145
d3uhsb_,137.0,145
d3uhtb_,137.0,145
d3uhwb_,137.0,145
d3uhzb_,137.0,145
d1nxfb_,137.0,145
d3g46b_,137.0,146
d3g4qb_,137.0,145
d3g4rb_,137.0,145
d3g4ub_,137.0,145
d3g4vb_,137.0,145
d3g4wb_,137.0,145
d3g4yb_,137.0,145
d3g52b_,137.0,145
d3g53b_,137.0,145
d2aupa_,136.0,145
d2grfa_,136.0,145
d3ugza_,136.0,145
d3uhea_,136.0,145
d3uhqa_,136.0,145
d3uhva_,136.0,145
d2auoa_,136.0,145
d2grha_,136.0,145
d2grza_,136.0,145
d2r4za_,136.0,145
d2z8aa_,136.0,145
d2aupb_,136.0,145
d2grfb_,136.0,145
d3ugzb_,136.0,145
d3uheb_,136.0,145
d3uhqb_,136.0,145
d3uhvb_,136.0,145
d3gdjb_,136.0,146
d2auob_,136.0,145
d2grhb_,136.0,145
d2grzb_,136.0,145
d2r4zb_,136.0,146
d2z8ab_,136.0,146
d3gdjd_,136.0,146
d3uhha_,135.0,145
d3uhua_,135.0,145
d2r4xa_,135.0,145
d2r4ya_,135.0,145
d4hrra1,135.0,146
d4hrta1,135.0,146
d3uhhb_,135.0,145
d3uhub_,135.0,145
d2r4xb_,135.0,145
d2r4yb_,135.0,145
d4hrrc1,135.0,146
d4hrtc1,135.0,146
d4hrre1,135.0,146
d4hrte1,135.0,146
d4hrrg1,135.0,146
d4hrtg1,135.0,146
d3ugya_,134.0,145
d3uh7a_,134.0,145
d3uhba_,134.0,145
d3uhia_,134.0,145
d3uhka_,134.0,145
d3uhna_,134.0,145
d3uhya_,134.0,146
d3ui0a_,134.0,145
d3ugyb_,134.0,145
d3uh7b_,134.0,145
d3uhbb_,134.0,145
d3uhib_,134.0,145
d3uhkb_,134.0,145
d3uhnb_,134.0,145
d3uhyb_,134.0,145
d3ui0b_,134.0,145
d5euib_,134.0,146
d3uhic_,134.0,145
d3uhkc_,134.0,145
d3uhid_,134.0,145
d3uhkd_,134.0,145
d1x46a_,131.0,150
d1dm1a_,131.0,146
d1hlma_,130.0,158
d1j7wb_,130.0,146
d1j7yb_,130.0,146
d1qi8b_,130.0,146
d2w72b_,130.0,146
d1j7wd_,130.0,146
d1j7yd_,130.0,146
d1qi8d_,130.0,146
d2w72d_,130.0,146
d1mbaa_,129.0,146
d2fala_,129.0,146
d2fama_,129.0,146
d3mbaa_,129.0,146
d4mbaa_,129.0,146
d5mbaa_,129.0,146
d3cy5b_,129.0,145
d3cy5d_,129.0,145
d4mqkb_,128.0,145
d2raob_,128.0,146
d4mqkd_,128.0,145
d2raod_,128.0,146
d4mqkf_,128.0,145
d4mqkh_,128.0,145
d3wctb_,127.0,144
d3wcub_,127.0,144
d3wcvb_,127.0,144
d3wcwb_,127.0,144
d3wctf_,127.0,144
d3wcuf_,127.0,144
d3wcvf_,127.0,144
d3wcwf_,127.0,144
d1obma_,127.0,154
d3fh9b_,127.0,146
d1a0yb_,127.0,146
d1rqab_,127.0,146
d1y4pb_,127.0,146
d1yevb_,127.0,146
d1ygdb_,127.0,146
d4mqjb1,127.0,145
d4mqjd_,127.0,145
d1a0yd_,127.0,146
d1rqad_,127.0,146
d1y4pd_,127.0,146
d1yevd_,127.0,146
d1ygdd_,127.0,146
d4mqjf1,127.0,145
d1fdhg_,127.0,146
d1fdhh_,127.0,146
d4mqjh1,127.0,145
d3lqdb_,126.0,146
d3dhtb_,126.0,145
d3hf4b_,126.0,145
d3lqdd_,126.0,146
d3hf4f_,126.0,146
d1i3da_,125.0,146
d1i3ea_,125.0,146
d2qu0b_,125.0,145
d1i3db_,125.0,146
d1i3eb_,125.0,146
d2qu0d_,125.0,145
d1y7cb_,124.0,146
d1yihb1,124.0,146
d1y7cd_,124.0,146
d1yihd_,124.0,146
d1a9we_,124.0,145
d1a9wf_,124.0,145
d1dxca_,122.0,154
d1dxda_,122.0,154
d1f63a_,122.0,154
d1f65a_,122.0,154
d1myza_,122.0,154
d1mz0a_,122.0,154
d1n9fa_,122.0,154
d1n9ha_,122.0,154
d1n9ia_,122.0,154
d1n9xa_,122.0,154
d1naza_,122.0,154
d2w6ya_,122.0,153
d1fsxb_,122.0,145
d1g08b_,122.0,145
d1g09b_,122.0,145
d1g0ab_,122.0,145
d1hdab_,122.0,145
d2qspb_,122.0,145
d2qssb_,122.0,145
d3pi8b_,122.0,145
d3pi9b_,122.0,145
d3piab_,122.0,145
d6ihxb_,122.0,144
d6ii1b_,122.0,143
d1hbab_,122.0,146
d1y4bb_,122.0,146
d1yg5b_,122.0,146
d3ciub1,122.0,145
d1fsxd_,122.0,145
d1g08d_,122.0,145
d1g09d_,122.0,145
d1g0ad_,122.0,145
d1hdad_,122.0,145
d2qspd_,122.0,145
d2qssd_,122.0,145
d3pi8d_,122.0,145
d3pi9d_,122.0,145
d3piad_,122.0,145
d6ihxd_,122.0,143
d6ii1d_,122.0,145
d1hbad_,122.0,146
d1y4bd_,122.0,146
d1yg5d_,122.0,146
d3ciud1,122.0,145
d2w6xa_,121.0,154
d1a01b_,121.0,146
d1a0wb_,121.0,146
d1gbub_,121.0,146
d1o1kb_,121.0,146
d1o1mb_,121.0,146
d1o1pb_,121.0,146
d1y4fb_,121.0,146
d1y5fb_,121.0,146
d1y5jb_,121.0,146
d1yeob_,121.0,146
d1ygfb_,121.0,146
d1yieb_,121.0,146
d1a01d_,121.0,146
d1a0wd_,121.0,146
d1gbud_,121.0,146
d1o1kd_,121.0,146
d1o1md_,121.0,146
d1o1pd_,121.0,146
d1y4fd_,121.0,146
d1y5fd_,121.0,146
d1y5jd_,121.0,146
d1yeod_,121.0,146
d1ygfd_,121.0,146
d1yied_,121.0,146
d1mcya_,120.0,154
d1a00b_,120.0,146
d1a0vb_,120.0,146
d1a0xb_,120.0,146
d1gbvb_,120.0,146
d1o1ob_,120.0,146
d1y22b_,120.0,146
d1y46b_,120.0,146
d1y4gb_,120.0,146
d1y4vb_,120.0,146
d1y5kb_,120.0,146
d1y7db_,120.0,146
d1ye0b_,120.0,146
d1yeqb_,120.0,146
d1yeub_,120.0,146
d4mqgb_,120.0,146
d4mqib_,120.0,146
d1a00d_,120.0,146
d1a0vd_,120.0,146
d1a0xd_,120.0,146
d1gbvd_,120.0,146
d1o1od_,120.0,146
d1y22d_,120.0,146
d1y46d_,120.0,146
d1y4gd_,120.0,146
d1y4vd_,120.0,146
d1y5kd_,120.0,146
d1y7dd_,120.0,146
d1ye0d_,120.0,146
d1yeqd_,120.0,146
d1yeud_,120.0,146
d4wjg1_,119.0,146
d1cbla_,119.0,146
d1cbma_,119.0,146
d6fqfa_,119.0,146
d2yrsb_,119.0,146
d1a0ub_,119.0,146
d1a0zb_,119.0,146
d1a3nb_,119.0,145
d1a3ob_,119.0,145
d1aj9b_,119.0,146
d1axfb_,119.0,145
d1b86b_,119.0,146
d1babb_,119.0,146
d1bbbb_,119.0,146
d1bijb_,119.0,146
d1bz0b_,119.0,146
d1bz1b_,119.0,146
d1bzzb_,119.0,146
d1cblb_,119.0,146
d1cbmb_,119.0,146
d1clsb_,119.0,146
d1cmyb_,119.0,146
d1cohb_,119.0,146
d1dkeb_,119.0,146
d1dxtb_,119.0,147
d1dxub_,119.0,146
d1dxvb_,119.0,146
d1fn3b_,119.0,146
d1g9vb_,119.0,146
d1glib_,119.0,146
d1gzxb_,119.0,146
d1habb_,119.0,146
d1hacb_,119.0,146
d1hbbb_,119.0,146
d1hbsb_,119.0,146
d1hcob_,119.0,146
d1hgab_,119.0,146
d1hgbb_,119.0,146
d1hgcb_,119.0,146
d1hhob_,119.0,146
d1irdb_,119.0,146
d1j3yb_,119.0,146
d1j3zb_,119.0,146
d1j40b_,119.0,146
d1j41b_,119.0,146
d1j7sb_,119.0,146
d1jy7b_,119.0,146
d1k0yb_,119.0,146
d1k1kb_,119.0,146
d1kd2b_,119.0,146
d1lflb_,119.0,146
d1lfqb_,119.0,146
d1lftb_,119.0,146
d1lfvb_,119.0,146
d1lfyb_,119.0,146
d1lfzb_,119.0,146
d1ljwb_,119.0,146
d1m9pb_,119.0,146
d1mkob_,119.0,146
d1nejb_,119.0,146
d1nihb_,119.0,146
d1o1lb_,119.0,146
d1o1nb_,119.0,146
d1qshb_,119.0,146
d1qsib_,119.0,146
d1qxdb_,119.0,146
d1qxeb_,119.0,146
d1r1xb_,119.0,146
d1r1yb_,119.0,146
d1rpsb_,119.0,146
d1rq3b_,119.0,146
d1rq4b_,119.0,146
d1rvwb_,119.0,146
d1sdkb_,119.0,146
d1sdlb_,119.0,146
d1thbb_,119.0,146
d1uiwb_,119.0,146
d1vwtb_,119.0,146
d1xxtb_,119.0,146
d1xy0b_,119.0,146
d1xyeb_,119.0,146
d1xz2b_,119.0,146
d1xz4b_,119.0,146
d1xz5b_,119.0,146
d1xz7b_,119.0,146
d1xzub_,119.0,146
d1xzvb_,119.0,146
d1y09b_,119.0,146
d1y0ab_,119.0,146
d1y0cb_,119.0,146
d1y0db_,119.0,146
d1y0tb_,119.0,146
d1y0wb_,119.0,146
d1y2zb_,119.0,146
d1y85b_,119.0,145
d1y8wb_,119.0,146
d1ydzb_,119.0,146
d1yffb_,119.0,146
d1yh9b_,119.0,146
d1yheb_,119.0,146
d1yhrb_,119.0,146
d1yzib_,119.0,146
d2d5zb_,119.0,145
d2d60b_,119.0,145
d2dfob_,119.0,146
d2dfqb_,119.0,146
d2dn1b_,119.0,145
d2dn2b_,119.0,146
d2dn3b_,119.0,146
d2dxmb_,119.0,146
d2h35b_,119.0,146
d2hbcb_,119.0,146
d2hbdb_,119.0,146
d2hbeb_,119.0,146
d2hbfb_,119.0,146
d2hbsb_,119.0,146
d2hcob_,119.0,146
d2hhbb_,119.0,146
d2hhdb_,119.0,146
d2hheb_,119.0,145
d2m6zb_,119.0,146
d2w6vb_,119.0,146
d3b75b_,119.0,146
d3d17b_,119.0,146
d3d7ob_,119.0,146
d3hhbb_,119.0,146
d3hxnb_,119.0,146
d3ic0b_,119.0,146
d3ic2b_,119.0,146
d3nmmb_,119.0,146
d3odqb_,119.0,146
d3oo4b_,119.0,146
d3p5qb_,119.0,146
d3qjbb_,119.0,146
d3qjdb_,119.0,146
d3r5ib_,119.0,146
d3s65b_,119.0,146
d3s66b_,119.0,146
d3w4ub_,119.0,145
d3wcpb_,119.0,145
d4hhbb_,119.0,146
d4l7yb_,119.0,145
d4m4ab_,119.0,146
d4m4bb_,119.0,146
d4mqcb_,119.0,146
d4mqhb_,119.0,146
d4n7nb_,119.0,146
d4n7ob_,119.0,146
d4n7pb_,119.0,146
d4n8tb_,119.0,146
d4ni0b_,119.0,146
d4rolb_,119.0,146
d4romb_,119.0,146
d4wjgb_,119.0,146
d4x0lb_,119.0,144
d4xs0b_,119.0,146
d5e29b_,119.0,145
d5e6eb_,119.0,146
d5e83b_,119.0,146
d5hy8b_,119.0,146
d5kdqb_,119.0,146
d5ksib_,119.0,146
d5ksjb_,119.0,146
d5sw7b_,119.0,146
d5u3ib_,119.0,146
d5ucub_,119.0,146
d5ufjb_,119.0,146
d5urcb_,119.0,146
d5wohb_,119.0,146
d5x2rb_,119.0,145
d5x2sb_,119.0,145
d5x2tb_,119.0,145
d5x2ub_,119.0,145
d6bb5b_,119.0,145
d6bnrb_,119.0,146
d6bwpb_,119.0,146
d6di4b_,119.0,146
d6fqfb_,119.0,146
d6halb_,119.0,145
d6hbwb_,119.0,146
d6hk2b_,119.0,146
d6ka9b_,119.0,146
d6kaeb_,119.0,146
d6kahb_,119.0,146
d6kaib_,119.0,146
d6kaob_,119.0,146
d6kapb_,119.0,146
d6kaqb_,119.0,146
d6karb_,119.0,146
d6kasb_,119.0,146
d6katb_,119.0,146
d6kaub_,119.0,146
d6kavb_,119.0,146
d6kyeb_,119.0,146
d6l5vb_,119.0,146
d6l5wb_,119.0,146
d6l5xb_,119.0,146
d6l5yb_,119.0,146
d6lcwb_,119.0,146
d6lcxb_,119.0,146
d6nq5b_,119.0,145
d6tb2b_,119.0,146
d6xd9b_,119.0,146
d6xdtb_,119.0,146
d6xe7b_,119.0,146
d7cueb_,119.0,146
d7jjqb_,119.0,145
d7jxzb_,119.0,146
d7jy0b_,119.0,146
d7jy1b_,119.0,146
d7jy3b_,119.0,146
d1cblc_,119.0,146
d1cbmc_,119.0,146
d3kmfc_,119.0,146
d5wogc_,119.0,146
d6fqfc_,119.0,146
d2yrsd_,119.0,146
d1a0ud_,119.0,146
d1a0zd_,119.0,146
d1a3nd_,119.0,145
d1a3od_,119.0,145
d1axfd_,119.0,145
d1b86d_,119.0,146
d1babd_,119.0,146
d1bbbd_,119.0,146
d1bijd_,119.0,146
d1bz0d_,119.0,146
d1bz1d_,119.0,146
d1bzzd_,119.0,146
d1cbld_,119.0,146
d1cbmd_,119.0,146
d1clsd_,119.0,146
d1cmyd_,119.0,146
d1cohd_,119.0,146
d1dked_,119.0,146
d1dxtd_,119.0,147
d1dxud_,119.0,146
d1dxvd_,119.0,146
d1fn3d_,119.0,146
d1g9vd_,119.0,146
d1glid_,119.0,146
d1gzxd_,119.0,146
d1habd_,119.0,146
d1hacd_,119.0,146
d1hbbd_,119.0,146
d1hbsd_,119.0,146
d1hgad_,119.0,146
d1hgbd_,119.0,146
d1hgcd_,119.0,146
d1j3yd_,119.0,146
d1j3zd_,119.0,146
d1j40d_,119.0,146
d1j41d_,119.0,146
d1j7sd_,119.0,146
d1jy7d_,119.0,146
d1k0yd_,119.0,146
d1kd2d_,119.0,146
d1lfld_,119.0,146
d1m9pd_,119.0,146
d1mkod_,119.0,146
d1nejd_,119.0,146
d1nihd_,119.0,146
d1o1ld_,119.0,146
d1o1nd_,119.0,146
d1qshd_,119.0,146
d1qsid_,119.0,146
d1qxdd_,119.0,146
d1qxed_,119.0,146
d1r1yd_,119.0,146
d1rpsd_,119.0,146
d1rq3d_,119.0,146
d1rq4d_,119.0,146
d1sdkd_,119.0,146
d1sdld_,119.0,146
d1thbd_,119.0,146
d1uiwd_,119.0,146
d1vwtd_,119.0,146
d1xxtd_,119.0,146
d1xy0d_,119.0,146
d1xyed_,119.0,146
d1xz2d_,119.0,146
d1xz4d_,119.0,146
d1xz5d_,119.0,146
d1xz7d_,119.0,146
d1xzud_,119.0,146
d1xzvd_,119.0,146
d1y09d_,119.0,146
d1y0ad_,119.0,146
d1y0cd_,119.0,146
d1y0dd_,119.0,146
d1y0td_,119.0,146
d1y0wd_,119.0,146
d1y2zd_,119.0,146
d1y85d_,119.0,145
d1y8wd_,119.0,146
d1ydzd_,119.0,146
d1yffd_,119.0,146
d1yh9d_,119.0,146
d1yhed_,119.0,146
d1yhrd_,119.0,146
d2d5zd_,119.0,145
d2d60d_,119.0,145
d2dfqd_,119.0,146
d2dn2d_,119.0,146
d2dxmd_,119.0,146
d2h35d_,119.0,146
d2hbsd_,119.0,146
d2hhbd_,119.0,146
d2hhdd_,119.0,146
d2hhed_,119.0,145
d2m6zd_,119.0,146
d2w6vd_,119.0,146
d3b75d_,119.0,146
d3d17d_,119.0,146
d3hhbd_,119.0,146
d3hxnd_,119.0,146
d3ic0d_,119.0,146
d3ic2d_,119.0,146
d3nmmd_,119.0,146
d3odqd_,119.0,146
d3qjdd_,119.0,146
d3r5id_,119.0,146
d3s65d_,119.0,146
d3w4ud_,119.0,145
d3wcpd_,119.0,145
d4hhbd_,119.0,146
d4l7yd_,119.0,145
d4n7nd_,119.0,146
d4n7od_,119.0,146
d4n7pd_,119.0,146
d4rold_,119.0,146
d4romd_,119.0,146
d5e29d_,119.0,145
d5e83d_,119.0,146
d5ee4d_,119.0,146
d5hy8d_,119.0,146
d5kdqd_,119.0,146
d5ksid_,119.0,146
d5ksjd_,119.0,146
d5u3id_,119.0,145
d5ufjd_,119.0,146
d5urcd_,119.0,146
d5wogd_,119.0,146
d5wohd_,119.0,146
d5x2rd_,119.0,145
d5x2sd_,119.0,145
d5x2td_,119.0,145
d5x2ud_,119.0,145
d6bnrd_,119.0,146
d6bwpd_,119.0,146
d6di4d_,119.0,146
d6fqfd_,119.0,146
d6hald_,119.0,145
d6hbwd_,119.0,146
d6hk2d_,119.0,146
d6ka9d_,119.0,146
d6kaed_,119.0,146
d6kahd_,119.0,146
d6kaid_,119.0,146
d6kasd_,119.0,146
d6katd_,119.0,146
d6kaud_,119.0,146
d6kavd_,119.0,146
d6kyed_,119.0,146
d6l5xd_,119.0,146
d6l5yd_,119.0,146
d6lcwd_,119.0,146
d6lcxd_,119.0,146
d6xd9d_,119.0,146
d6xdtd_,119.0,146
d6xe7d_,119.0,146
d7cued_,119.0,146
d7jjqd_,119.0,144
d7jxzd_,119.0,146
d7jy0d_,119.0,146
d7jy1d_,119.0,146
d7jy3d_,119.0,146
d1hbsf_,119.0,146
d1j3yf_,119.0,146
d1j3zf_,119.0,146
d1j40f_,119.0,146
d1j41f_,119.0,146
d1uiwf_,119.0,146
d1yfff_,119.0,146
d2hbsf_,119.0,146
d3b75f_,119.0,146
d3w4uf_,119.0,145
d4n7nf_,119.0,146
d4n7of_,119.0,146
d4n7pf_,119.0,146
d5hy8f_,119.0,146
d5x2rf_,119.0,145
d5x2sf_,119.0,145
d5x2tf_,119.0,145
d5x2uf_,119.0,145
d6ka9f_,119.0,146
d6kaef_,119.0,146
d6kahf_,119.0,146
d6kaif_,119.0,146
d6kyef_,119.0,146
d6lcwf_,119.0,146
d6lcxf_,119.0,146
d3kmfg_,119.0,146
d4wjgg_,119.0,146
d1hbsh_,119.0,146
d1j3yh_,119.0,146
d1j3zh_,119.0,146
d1j40h_,119.0,146
d1j41h_,119.0,146
d1uiwh_,119.0,146
d1yffh_,119.0,146
d2hbsh_,119.0,146
d3b75h_,119.0,146
d4n7nh_,119.0,146
d4n7oh_,119.0,146
d4n7ph_,119.0,146
d5hy8h_,119.0,146
d5x2rh_,119.0,145
d5x2sh_,119.0,145
d5x2th_,119.0,145
d5x2uh_,119.0,145
d6ka9h_,119.0,146
d6kaeh_,119.0,146
d6kahh_,119.0,146
d6kaih_,119.0,146
d6kyeh_,119.0,145
d6lcwh_,119.0,146
d6lcxh_,119.0,146
d4n7nj_,119.0,146
d4n7oj_,119.0,146
d4n7pj_,119.0,146
d5x2rj_,119.0,145
d5x2sj_,119.0,145
d5x2tj_,119.0,145
d5x2uj_,119.0,145
d6kyej_,119.0,146
d2yrsk_,119.0,146
d4n7nl_,119.0,146
d4n7ol_,119.0,146
d4n7pl_,119.0,146
d4wjgl_,119.0,146
d5x2rl_,119.0,145
d5x2sl_,119.0,145
d5x2tl_,119.0,145
d5x2ul_,119.0,145
d6kyel_,119.0,146
d2yrso_,119.0,146
d1jy7q_,119.0,146
d1lflq_,119.0,146
d4wjgq_,119.0,146
d1jy7s_,119.0,146
d1lfls_,119.0,146
d3b75t_,119.0,146
d5hy8t_,119.0,146
d1jy7v_,119.0,146
d4wjgv_,119.0,146
d1jy7x_,119.0,146
d106ma_,118.0,154
d107ma_,118.0,154
d108ma_,118.0,154
d1mlja_,118.0,154
d1mlka_,118.0,154
d1mlla_,118.0,154
d3d4xb_,118.0,145
d3gqpb_,118.0,145
d3gqrb_,118.0,145
d3gysb_,118.0,145
d1hdbb_,118.0,146
d1nqpb_,118.0,146
d1yvqb_,118.0,146
d1yvtb_,118.0,146
d3dutb_,118.0,146
d3d4xd_,118.0,145
d3gqpd_,118.0,145
d3gqrd_,118.0,145
d3gysd_,118.0,145
d1hdbd_,118.0,146
d1nqpd_,118.0,146
d1yvqd_,118.0,146
d3dutd_,118.0,146
d3gqrf_,118.0,145
d3gysf_,118.0,145
d3gqrh_,118.0,145
d3gysh_,118.0,145
d1j3fa_,117.0,154
d1ufja_,117.0,154
d1v9qa_,117.0,154
d2ef2a_,117.0,154
d1hdsb_,117.0,145
d1abwb_,117.0,146
d1abyb_,117.0,146
d1buwb_,117.0,144
d1c7bb_,117.0,146
d1c7cb_,117.0,146
d1c7db_,117.0,146
d1o1ib_,117.0,146
d1o1jb_,117.0,146
d1y83b_,117.0,146
d3nl7b_,117.0,146
d3onzb_,117.0,143
d3oo5b_,117.0,143
d3qjcb_,117.0,146
d3qjeb_,117.0,146
d3szkb_,117.0,142
d3whmb_,117.0,143
d4fc3b_,117.0,143
d4ni1b_,117.0,144
d5hu6b_,117.0,141
d6bwub_,117.0,143
d6nbcb_,117.0,143
d1hdsd_,117.0,145
d1abwd_,117.0,146
d1abyd_,117.0,146
d1buwd_,117.0,144
d1c7bd_,117.0,146
d1c7cd_,117.0,146
d1c7dd_,117.0,146
d1o1jd_,117.0,146
d1y83d_,117.0,146
d3qjed_,117.0,146
d6nbcd_,117.0,143
d3whmf_,117.0,143
d4ns2a_,116.0,153
d4twua_,116.0,153
d2mgfa_,116.0,154
d2mgga_,116.0,154
d2mgha_,116.0,154
d5ilpa_,116.0,151
d5ilra_,116.0,151
d5utaa_,116.0,153
d5vzpa_,116.0,153
d1y31b_,116.0,146
d1y35b_,116.0,146
d1y7gb_,116.0,146
d1y7zb_,116.0,146
d1ye1b_,116.0,146
d1ye2b_,116.0,146
d3rjnb_,116.0,153
d1y31d_,116.0,146
d1y35d_,116.0,146
d1y7gd_,116.0,146
d1y7zd_,116.0,146
d1ye1d_,116.0,146
d1ye2d_,116.0,146
d1yhub_,115.0,144
d1yhuf_,115.0,144
d1yhuj_,115.0,144
d1yhun_,115.0,144
d1yhur_,115.0,144
d1yhuv_,115.0,144
d1ch4a_,115.0,146
d1jdoa_,115.0,154
d1moaa_,115.0,154
d2g0ra_,115.0,154
d2g0sa_,115.0,154
d2g0va_,115.0,154
d2g0xa_,115.0,154
d2g0za_,115.0,154
d2g10a_,115.0,154
d2g11a_,115.0,154
d2g12a_,115.0,154
d2g14a_,115.0,154
d2spla_,115.0,154
d2spma_,115.0,154
d2spna_,115.0,154
d5b85a_,115.0,153
d1ch4b_,115.0,146
d1y4qb_,115.0,146
d1shrb_,115.0,146
d1si4b_,115.0,146
d1ch4c_,115.0,146
d1ch4d_,115.0,146
d1y4qd_,115.0,146
d1shrd_,115.0,146
d1si4d_,115.0,146
d1co8a_,114.0,154
d1cp0a_,114.0,154
d1do1a_,114.0,153
d1do3a_,114.0,153
d1do4a_,114.0,153
d1do7a_,114.0,153
d1ltwa_,114.0,154
d2blha_,114.0,153
d2blia_,114.0,153
d4it8a_,114.0,153
d2bwha1,114.0,153
d1spgb_,114.0,147
d4f4ob_,114.0,146
d1outb_,114.0,146
d1ouub_,114.0,146
d1ouud_,114.0,146
d4f4oe_,114.0,146
d4f4oh_,114.0,146
d4f4ok_,114.0,146
d2bljm_,114.0,153
d2bw9m_,114.0,153
d2oh9a_,113.0,154
d5b84a_,113.0,153
d1cika1,113.0,153
d1qpwb_,113.0,146
d2pghb_,113.0,146
d1qpwd_,113.0,146
d2pghd_,113.0,146
d5ycha_,112.0,153
d1mlma_,112.0,154
d1mlna_,112.0,154
d1mloa_,112.0,154
d1mlqa_,112.0,154
d1mlra_,112.0,154
d1mlsa_,112.0,154
d1ofja_,112.0,154
d2oh8a_,112.0,154
d3o89a_,112.0,153
d3obda_,112.0,154
d3ocka_,112.0,153
d4h07a_,112.0,154
d4h0ba_,112.0,154
d5utba_,112.0,152
d5utca_,112.0,152
d5utda_,112.0,151
d5vzqa_,112.0,153
d7ceza_,112.0,153
d4h2lb_,112.0,146
d1y4rb_,112.0,146
d1y4rd_,112.0,146
d5z7ea_,111.0,153
d104ma_,111.0,153
d105ma_,111.0,153
d109ma_,111.0,154
d110ma_,111.0,154
d111ma_,111.0,154
d112ma_,111.0,154
d1a6ga_,111.0,151
d1a6ka_,111.0,151
d1a6ma_,111.0,151
d1a6na_,111.0,151
d1absa_,111.0,154
d1ajga_,111.0,153
d1ajha_,111.0,153
d1bvca_,111.0,153
d1bvda_,111.0,153
d1bz6a_,111.0,153
d1bzpa_,111.0,153
d1bzra_,111.0,153
d1co9a_,111.0,154
d1cp5a_,111.0,154
d1cq2a_,111.0,153
d1duka_,111.0,152
d1ebca_,111.0,153
d1f6ha_,111.0,153
d1hjta_,111.0,153
d1iopa_,111.0,153
d1j52a_,111.0,154
d1jp6a_,111.0,152
d1jp8a_,111.0,152
d1jp9a_,111.0,151
d1jpba_,111.0,151
d1jw8a_,111.0,154
d1l2ka_,111.0,151
d1mbca_,111.0,153
d1mbda_,111.0,153
d1mbia_,111.0,153
d1mbna_,111.0,153
d1mboa_,111.0,153
d1myfa_,111.0,153
d1spea_,111.0,153
d1swma_,111.0,153
d1tesa_,111.0,154
d1u7ra_,111.0,153
d1u7sa_,111.0,153
d1ufpa_,111.0,154
d1vxaa_,111.0,153
d1vxba_,111.0,153
d1vxca_,111.0,153
d1vxda_,111.0,153
d1vxea_,111.0,153
d1vxfa_,111.0,153
d1vxga_,111.0,153
d1vxha_,111.0,153
d1wvpa_,111.0,151
d1yoga_,111.0,153
d1yoha_,111.0,153
d1yoia_,111.0,153
d2cmma_,111.0,153
d2d6ca_,111.0,153
d2eb8a_,111.0,154
d2eb9a_,111.0,154
d2ekta_,111.0,153
d2ekua_,111.0,153
d2mb5a_,111.0,153
d2mbwa_,111.0,154
d2mgka_,111.0,154
d2mgla_,111.0,154
d2mgma_,111.0,154
d2myaa_,111.0,153
d2myba_,111.0,153
d2myca_,111.0,153
d2myda_,111.0,153
d2myea_,111.0,153
d2spoa_,111.0,154
d2w6wa_,111.0,153
d2z6sa_,111.0,152
d2z6ta_,111.0,151
d2zsna_,111.0,153
d2zsoa_,111.0,153
d2zspa_,111.0,153
d2zsqa_,111.0,153
d2zsra_,111.0,153
d2zssa_,111.0,153
d2zsta_,111.0,153
d2zsxa_,111.0,153
d2zsya_,111.0,153
d2zsza_,111.0,153
d2zt0a_,111.0,153
d2zt1a_,111.0,153
d2zt2a_,111.0,153
d2zt3a_,111.0,153
d2zt4a_,111.0,153
d3asea_,111.0,154
d3e4na_,111.0,153
d3e55a_,111.0,153
d3e5ia_,111.0,153
d3e5oa_,111.0,153
d3ecla_,111.0,153
d3ecxa_,111.0,153
d3ecza_,111.0,153
d3ed9a_,111.0,153
d3edaa_,111.0,153
d3edba_,111.0,153
d3u3ea_,111.0,153
d4lpia_,111.0,153
d4mbna_,111.0,153
d4nxaa_,111.0,153
d4nxca_,111.0,153
d4pnja_,111.0,154
d5c6ya_,111.0,153
d5iksa_,111.0,151
d5joma_,111.0,154
d5kkka_,111.0,154
d5m3sa_,111.0,154
d5mbna_,111.0,153
d5o41a_,111.0,154
d5ut7a_,111.0,154
d5vzna_,111.0,151
d5wjka_,111.0,153
d5xl0a_,111.0,151
d5ycea_,111.0,151
d6e02a_,111.0,153
d6e03a_,111.0,153
d6e04a_,111.0,153
d6mv0a_,111.0,154
d6n02a_,111.0,154
d6n03a_,111.0,154
d7a44a_,111.0,154
d7a45a_,111.0,154
d1cioa1,111.0,153
d2jhoa1,111.0,153
d5oj9a1,111.0,153
d5ycia1,111.0,152
d5ycja1,111.0,152
d2r80b_,111.0,146
d3dhrb_,111.0,145
d2ri4b_,111.0,142
d3d1ab_,111.0,145
d3eu1b_,111.0,145
d1y45b_,111.0,146
d1yenb_,111.0,146
d1jebb_,111.0,143
d2d6cb_,111.0,151
d5ycib1,111.0,152
d5ycjb1,111.0,152
d2r80d_,111.0,146
d3dhrd_,111.0,145
d2ri4d_,111.0,144
d3d1ad_,111.0,145
d3eu1d_,111.0,145
d1y45d_,111.0,146
d1yend_,111.0,146
d1jebd_,111.0,146
d3dhrf_,111.0,145
d5ee4f_,111.0,141
d3dhrh_,111.0,145
d2ri4j_,111.0,144
d2ri4l_,111.0,145
d6q6pa_,110.0,156
d1x3ka_,110.0,152
d2zwja_,110.0,152
d3a5aa_,110.0,152
d3a5ba_,110.0,152
d3a5ga_,110.0,152
d3a9ma_,110.0,152
d3arja_,110.0,152
d3arka_,110.0,152
d3arla_,110.0,152
d6q6pb_,110.0,157
d102ma_,110.0,154
d103ma_,110.0,154
d1cpwa_,110.0,154
d1dtma_,110.0,152
d1duoa_,110.0,152
d1irca_,110.0,152
d1luea_,110.0,154
d1mgna_,110.0,154
d1mlfa_,110.0,154
d1mlga_,110.0,154
d1mlha_,110.0,154
d1moca_,110.0,154
d1moda_,110.0,154
d1o16a_,110.0,154
d2evka_,110.0,153
d2evpa_,110.0,153
d2mgia_,110.0,154
d2ohaa_,110.0,154
d2ohba_,110.0,154
d3a2ga_,110.0,154
d4of9a_,110.0,153
d4pq6a_,110.0,153
d5ilea_,110.0,154
d5ilma_,110.0,153
d5kd1a_,110.0,153
d5ut8a_,110.0,153
d5ut9a_,110.0,153
d5vzoa_,110.0,153
d5xkva_,110.0,153
d7cena_,110.0,153
d3hrwb_,110.0,146
d3hrwd_,110.0,146
d3ozua1,109.0,150
d3ozva1,109.0,150
d3ozwa1,109.0,150
d3ozvb1,109.0,150
d3ozwb1,109.0,150
d1jf3a_,109.0,147
d1jl7a_,109.0,147
d1uc3a_,109.0,149
d7dgja_,109.0,153
d7dgka_,109.0,153
d7dgla_,109.0,153
d1dtia_,109.0,154
d1moba_,109.0,154
d1mtia_,109.0,154
d2mgaa_,109.0,154
d2mgba_,109.0,154
d2mgca_,109.0,154
d2mgda_,109.0,154
d2mgea_,109.0,154
d2mgja_,109.0,154
d3nmla_,109.0,154
d3ogba_,109.0,154
d3sdna_,109.0,152
d4ooda_,109.0,154
d5yzfa_,109.0,154
d6cf0a_,109.0,153
d1cqxa1,109.0,150
d1ch9a1,109.0,153
d6z4ra1,109.0,153
d6z4ta1,109.0,153
d4yu3b_,109.0,146
d4yu4b_,109.0,146
d1uc3b_,109.0,149
d7dgjb_,109.0,153
d7dgkb_,109.0,153
d7dglb_,109.0,153
d1cqxb1,109.0,150
d1uc3c_,109.0,149
d4yu4d_,109.0,146
d1uc3d_,109.0,149
d1uc3e_,109.0,149
d1uc3f_,109.0,149
d1uc3g_,109.0,149
d1uc3h_,109.0,149
d1uc3i_,109.0,149
d1uc3j_,109.0,149
d1uc3k_,109.0,149
d1uc3l_,109.0,149
d2nrla_,108.0,145
d2nrma_,108.0,146
d2nx0a_,108.0,146
d3qm5a_,108.0,145
d3qm6a_,108.0,145
d3qm7a_,108.0,145
d3qm8a_,108.0,145
d3qm9a_,108.0,145
d3qmaa_,108.0,145
d1emya_,108.0,153
d1h1xa_,108.0,154
d1mlua_,108.0,154
d4qaua_,108.0,153
d5zzfa_,108.0,153
d5zzga_,108.0,153
d6f17a_,108.0,153
d6g5aa_,108.0,153
d6m8fa_,108.0,154
d7kyra_,108.0,152
d7l3ya_,108.0,153
d6g5ta1,108.0,154
d1ch5a1,108.0,153
d1ch7a1,108.0,153
d6f18a1,108.0,153
d6f19a1,108.0,153
d6f1aa1,108.0,153
d6g5ba1,108.0,153
d3bcqb_,108.0,146
d3bcqd_,108.0,146
d2e2ya_,107.0,154
d1xcha_,107.0,153
d7dgma_,107.0,153
d7dgna_,107.0,153
d7dgoa_,107.0,153
d1fcsa_,107.0,154
d3h57a_,107.0,154
d3h58a_,107.0,154
d4fwza_,107.0,153
d1myta_,107.0,146
d1ch2a1,107.0,153
d1g0bb_,107.0,146
d1ibeb_,107.0,146
d1iwhb_,107.0,146
d1ns6b_,107.0,146
d1ns9b_,107.0,146
d1y8hb_,107.0,146
d1y8ib_,107.0,146
d1y8kb_,107.0,146
d2d5xb_,107.0,146
d2dhbb_,107.0,146
d2mhbb_,107.0,146
d2zltb_,107.0,145
d2zlub_,107.0,145
d2zlvb_,107.0,146
d2zlwb_,107.0,146
d2zlxb_,107.0,146
d5c6eb_,107.0,146
d6r2ob_,107.0,145
d6svab_,107.0,146
d3wyob_,107.0,153
d7dgmb_,107.0,153
d7dgnb_,107.0,153
d7dgob_,107.0,153
d1s0hb1,107.0,146
d1y8hd_,107.0,146
d1y8id_,107.0,146
d1y8kd_,107.0,146
d2zlwd_,107.0,146
d2zlxd_,107.0,146
d6r2od_,107.0,145
d3wyod_,107.0,153
d1f5oa_,106.0,149
d1f5pa_,106.0,149
d6bmga_,106.0,154
d101ma_,106.0,154
d1mtja_,106.0,154
d1mtka_,106.0,154
d1myma_,106.0,154
d3m38a_,106.0,153
d3m39a_,106.0,153
d3m3aa_,106.0,153
d3m3ba_,106.0,153
d6jp1a_,106.0,151
d1f5ob_,106.0,149
d1f5pb_,106.0,149
d6bmgb_,106.0,154
d6jp1b_,106.0,151
d2b7hb1,106.0,144
d1f5oc_,106.0,149
d1f5pc_,106.0,149
d2b7hd_,106.0,145
d1f5od_,106.0,149
d1f5pd_,106.0,149
d1f5oe_,106.0,149
d1f5pe_,106.0,149
d1f5of_,106.0,149
d1f5pf_,106.0,149
d3k9za_,105.0,153
d3qqqa_,105.0,151
d1gdia_,105.0,153
d1gdja_,105.0,153
d1gdka_,105.0,153
d1gdla_,105.0,153
d1lh1a_,105.0,153
d1lh2a_,105.0,153
d1lh3a_,105.0,153
d1lh5a_,105.0,153
d1lh6a_,105.0,153
d1lh7a_,105.0,153
d2gdma_,105.0,153
d2lh1a_,105.0,153
d2lh2a_,105.0,153
d2lh3a_,105.0,153
d2lh5a_,105.0,153
d2lh6a_,105.0,153
d2lh7a_,105.0,153
d1hrma_,105.0,153
d5z7fa_,105.0,152
d4mxka_,105.0,153
d4mxla_,105.0,153
d5ojca_,105.0,154
d5vnua_,105.0,153
d5vrta_,105.0,153
d5xkwa_,105.0,153
d7l3ua_,105.0,153
d1ch3a1,105.0,153
d3wtgb_,105.0,146
d3qqqb_,105.0,151
d3wtgd_,105.0,146
d5yl3a_,104.0,151
d1azia_,104.0,153
d1dwra_,104.0,152
d1dwsa_,104.0,152
d1dwta_,104.0,152
d1gjna_,104.0,153
d1npfa_,104.0,152
d1npga_,104.0,152
d1nz2a_,104.0,153
d1nz3a_,104.0,153
d1nz4a_,104.0,153
d1nz5a_,104.0,153
d1wlaa_,104.0,153
d1ymba_,104.0,153
d1ymca_,104.0,153
d2frfa_,104.0,152
d2in4a_,104.0,153
d2nsra_,104.0,152
d2nssa_,104.0,152
d2v1ea_,104.0,153
d2v1fa_,104.0,153
d2v1ga_,104.0,153
d2v1ha_,104.0,153
d2v1ia_,104.0,153
d2v1ja_,104.0,153
d2v1ka_,104.0,153
d2vlxa_,104.0,153
d2vlya_,104.0,153
d2vlza_,104.0,153
d2vm0a_,104.0,153
d3ba2a_,104.0,152
d3lr7a_,104.0,151
d3lr9a_,104.0,152
d3v2va_,104.0,152
d3v2za_,104.0,152
d3vaua_,104.0,151
d3vm9a_,104.0,153
d3wfta_,104.0,153
d3wfua_,104.0,152
d3wi8a_,104.0,151
d3wyoa_,104.0,153
d4dc7a_,104.0,152
d4dc8a_,104.0,152
d5azqa_,104.0,153
d5azra_,104.0,153
d5cmva_,104.0,152
d5cn4a_,104.0,152
d5cn5a_,104.0,152
d5cn6a_,104.0,152
d5cn7a_,104.0,152
d5cn8a_,104.0,152
d5cn9a_,104.0,152
d5cnba_,104.0,152
d5cnca_,104.0,152
d5cnda_,104.0,152
d5cnea_,104.0,152
d5cnfa_,104.0,152
d5cnga_,104.0,152
d5d5ra_,104.0,152
d5zzea_,104.0,152
d4fwxa_,104.0,153
d4fwya_,104.0,153
d4pqca_,104.0,153
d5hava_,104.0,153
d5kerb_,104.0,146
d1wmub_,104.0,146
d2z6nb_,104.0,146
d3n48b_,104.0,146
d3goub_,104.0,146
d3pelb_,104.0,146
d1fhjb_,104.0,146
d3vm9b_,104.0,153
d2qlsb1,104.0,146
d3wyoc_,104.0,153
d5kerd_,104.0,146
d3goud_,104.0,146
d1fhjd_,104.0,146
d2qlsd1,104.0,146
d5kerf_,104.0,146
d5kerh_,104.0,146
d2frix_,104.0,152
d2frjx_,104.0,152
d2frkx_,104.0,152
d2o58x_,104.0,152
d2o5bx_,104.0,152
d2o5lx_,104.0,152
d2o5mx_,104.0,152
d2o5ox_,104.0,152
d2o5qx_,104.0,152
d2o5sx_,104.0,152
d2o5tx_,104.0,152
d3mn0a_,103.0,153
d1hbga_,103.0,147
d2hbga_,103.0,147
d1bjea_,103.0,153
d1hsya_,103.0,153
d1rsea_,103.0,153
d1ymaa_,103.0,153
d3rj6a_,103.0,153
d4twva_,103.0,153
d6ltla_,103.0,153
d1ch1a_,103.0,154
d4pqba_,103.0,153
d4tyxa_,103.0,153
d5hlqa_,103.0,152
d5hlua_,103.0,152
d5hlxa_,103.0,153
d5ojaa_,103.0,152
d5ojba_,103.0,154
d6krca_,103.0,153
d6krfa_,103.0,153
d2r1hb_,103.0,147
d3bomb_,103.0,147
d3rj6b_,103.0,153
d6ltlb_,103.0,153
d2r1hd_,103.0,147
d3bomd_,103.0,147
d3s1ia_,102.0,131
d3s1ja_,102.0,131
d3ubca_,102.0,131
d3s1ib_,102.0,131
d3s1jb_,102.0,131
d3s1ic_,102.0,131
d3s1jc_,102.0,131
d3ubcd_,102.0,131
d3ubcg_,102.0,131
d2lhba_,102.0,149
d3lhba_,102.0,149
d3hc9a_,102.0,153
d3hepa_,102.0,153
d1ofka_,102.0,154
d2zfbb_,102.0,146
d1v75b_,102.0,142
d3lhbb_,102.0,149
d3lhbc_,102.0,149
d3lhbd_,102.0,149
d3lhbe_,102.0,149
d3lhbf_,102.0,149
d3lhbg_,102.0,149
d3lhbh_,102.0,149
d3lhbi_,102.0,149
d3lhbj_,102.0,149
d3lhbk_,102.0,149
d3lhbl_,102.0,149
d7diha_,100.0,139
d7dihb_,100.0,137
d1itha_,100.0,141
d3hena_,100.0,153
d3heoa_,100.0,153
d5zeoa_,100.0,153
d1kfra_,100.0,147
d1ithb_,100.0,141
d1a4fb_,100.0,146
d1c0hb_,100.0,146
d1c40b_,100.0,146
d1hv4b_,100.0,146
d1hv4d_,100.0,146
d1hv4f_,100.0,146
d1hv4h_,100.0,146
d2d2mb_,99.0,142
d2zfob_,99.0,142
d2zs0b_,99.0,142
d2zs1b_,99.0,142
d3wctc_,99.0,150
d3wcuc_,99.0,150
d3wcvc_,99.0,150
d3wcwc_,99.0,150
d3wctg_,99.0,150
d3wcug_,99.0,150
d3wcvg_,99.0,150
d3wcwg_,99.0,150
d3zhwa_,99.0,154
d1ecaa_,99.0,136
d1ecda_,99.0,136
d1ecna_,99.0,136
d1ecoa_,99.0,136
d1jf4a_,99.0,147
d1jl6a_,99.0,147
d1vrea_,99.0,147
d1vrfa_,99.0,147
d1it2a_,99.0,146
d1it3a_,99.0,146
d6ls8a_,99.0,153
d6ltma_,99.0,153
d6d45a_,99.0,153
d3eokb_,99.0,146
d3zhwb_,99.0,153
d1it2b_,99.0,146
d1it3b_,99.0,146
d1fawb_,99.0,146
d6ltmb_,99.0,153
d1it3c_,99.0,146
d6ls8c_,99.0,153
d1it3d_,99.0,146
d1fawd_,99.0,146
d6ls8e_,99.0,153
d6ls8g_,99.0,153
d6ls8i_,99.0,153
d6ls8k_,99.0,153
d6h6ja1,98.0,149
d6h6ia1,98.0,150
d3fs4b_,98.0,146
d3fs4d_,98.0,146
d1hbrd_,98.0,146
d2wy4a_,97.0,139
d3at5a_,97.0,141
d3at6a_,97.0,141
d6ra6a1,97.0,147
d2qmbb_,97.0,146
d3k8bb_,97.0,146
d6zmxb_,97.0,146
d6zmyb_,97.0,146
d2qmbd_,97.0,146
d3k8bd_,97.0,146
d6zmxd_,97.0,146
d6zmyd_,97.0,146
d2vrya_,96.0,147
d2r1ha_,96.0,142
d3boma_,96.0,142
d1q1fa_,96.0,148
d1w92a_,96.0,146
d3gk9a_,96.0,148
d3gkta_,96.0,148
d3glna_,96.0,146
d4o4ta_,96.0,148
d4o4za_,96.0,148
d5eeta_,96.0,148
d5eoha_,96.0,148
d5eqma_,96.0,148
d5mjca_,96.0,148
d5mjda_,96.0,148
d5nvia_,96.0,148
d5nw6a_,96.0,148
d5o17a_,96.0,148
d6eyea_,96.0,148
d6h6ca_,96.0,151
d6i3ta_,96.0,148
d6i40a_,96.0,148
d6r1qa_,96.0,148
d1hbrb_,96.0,144
d2r1hc_,96.0,142
d3bomc_,96.0,142
d1x9fd_,96.0,140
d2gtld1,96.0,140
d3szke_,96.0,131
d1x9fh_,96.0,140
d2gtlh1,96.0,140
d1x9fl_,96.0,140
d2gtll1,96.0,140
d2iuka2,96.0,689
d2iukb2,96.0,689
d4nzia_,95.0,148
d4o35a_,95.0,149
d5o18a_,95.0,148
d5o1ka_,95.0,148
d5o27a_,95.0,148
d6h5za_,95.0,146
d3mjpb_,95.0,146
d3mjpd_,95.0,146
d2vyza_,95.0,110
d2d2mc_,94.0,146
d2zfoc_,94.0,147
d2zs0c_,94.0,147
d2zs1c_,94.0,147
d1x9fa_,94.0,147
d5euia_,94.0,134
d4mu5a_,94.0,148
d4o1ta_,94.0,148
d5eysa_,94.0,148
d5f0ba_,94.0,148
d5f2aa_,94.0,148
d1h97a_,94.0,147
d2gtla1,94.0,147
d3vreb_,94.0,146
d3vrfb_,94.0,146
d3vrgb_,94.0,146
d1xq5b_,94.0,146
d3bj1b_,94.0,146
d3bj2b_,94.0,146
d3bj3b_,94.0,146
d1h97b_,94.0,147
d3vred_,94.0,146
d1xq5d_,94.0,146
d3bj1d_,94.0,146
d3bj2d_,94.0,146
d3bj3d_,94.0,146
d1x9fe_,94.0,147
d2gtle1,94.0,147
d1x9fi_,94.0,147
d2gtli1,94.0,147
d5ziqa1,93.0,154
d5ziqb1,93.0,154
d5ziqc1,93.0,154
d5ziqd_,93.0,152
d5zm9d_,93.0,154
d3qqra_,93.0,151
d1qpwa_,93.0,141
d2pgha_,93.0,141
d4f4oa_,93.0,141
d1myia_,93.0,153
d4o2ga_,93.0,146
d5eu2a_,93.0,148
d5ev5a_,93.0,148
d5eyja_,93.0,148
d3hyub_,93.0,146
d3qqrb_,93.0,151
d1myib_,93.0,153
d1oj6b_,93.0,151
d1qpwc_,93.0,141
d2pghc_,93.0,141
d4f4od_,93.0,141
d1oj6d_,93.0,150
d4f4og_,93.0,141
d4f4oj_,93.0,141
d1v07a_,93.0,110
d1oj6a_,92.0,147
d1gvha1,92.0,146
d6hitb_,92.0,145
d1oj6c_,92.0,148
d6hitd_,92.0,145
d6hitf_,92.0,145
d6hith_,92.0,144
d3a0gb_,91.0,144
d1kr7a_,91.0,110
d2vyya_,91.0,110
d2xkia_,91.0,110
d4avda_,91.0,110
d4avea_,91.0,110
d6iyia_,90.0,142
d1hdsa_,90.0,141
d1hdsc_,90.0,141
d4wchd_,90.0,140
d1yhud_,89.0,149
d1yhuh_,89.0,149
d1yhul_,89.0,149
d1yhup_,89.0,149
d1yhut_,89.0,149
d1yhux_,89.0,149
d4b3wa_,89.0,154
d1y09a_,89.0,141
d1mbsa_,89.0,153
d1mwca_,89.0,153
d1mwda_,89.0,153
d1myga_,89.0,153
d1pmba_,89.0,153
d4b3wb_,89.0,154
d1mwcb_,89.0,153
d1mwdb_,89.0,153
d1mygb_,89.0,153
d1pmbb_,89.0,153
d1y09c_,89.0,141
d7bzba1,89.0,205
d7bzca1,89.0,205
d2r50a_,88.0,155
d2dhba_,88.0,141
d1lhsa_,88.0,153
d1lhta_,88.0,153
d1m6ca_,88.0,153
d1m6ma_,88.0,153
d1mdna_,88.0,153
d1mnia_,88.0,153
d1mnja_,88.0,153
d1mnka_,88.0,151
d1mnoa_,88.0,153
d1myha_,88.0,153
d1myja_,88.0,153
d1ycaa_,88.0,153
d1ycba_,88.0,153
d1d8ua_,88.0,165
d2r50b_,88.0,155
d1m6cb_,88.0,153
d1m6mb_,88.0,153
d1mdnb_,88.0,153
d1mnib_,88.0,153
d1mnjb_,88.0,151
d1mnkb_,88.0,151
d1mnob_,88.0,153
d1myhb_,88.0,153
d1myjb_,88.0,153
d1ycab_,88.0,153
d1ycbb_,88.0,153
d1d8ub_,88.0,165
d2r50c_,88.0,154
d2r50d_,88.0,154
d2xkga_,88.0,110
d2xkha_,88.0,110
d2mm1a_,87.0,153
d3goua_,87.0,141
d3n48a_,87.0,141
d3pela_,87.0,141
d2b7ha_,87.0,141
d1jeba_,87.0,141
d3w4ua_,87.0,141
d1fhja_,87.0,141
d3rgka_,87.0,149
d1mnha_,87.0,153
d2gnwa_,87.0,165
d2gnwb_,87.0,165
d2aa1b1,87.0,146
d3gouc_,87.0,141
d2b7hc_,87.0,141
d1jebc_,87.0,141
d3w4uc_,87.0,141
d1fhjc_,87.0,141
d2aa1d_,87.0,146
d7cjua_,87.0,388
d1v5ca_,87.0,386
d1v5da_,87.0,386
d7cjub_,87.0,388
d1v5db_,87.0,386
d1loha1,87.0,371
d1ojna1,87.0,371
d1ojoa1,87.0,371
d1lxka1,87.0,370
d2oifa_,86.0,153
d1cg5a_,86.0,141
d1cg8a_,86.0,141
d1hbha_,86.0,142
d1pbxa_,86.0,142
d1s5xa_,86.0,142
d1s5ya_,86.0,142
d2h8da_,86.0,142
d2h8fa_,86.0,142
d2pega_,86.0,142
d3gkva_,86.0,142
d3gqga_,86.0,142
d4g51a_,86.0,142
d4iroa_,86.0,142
d4odca_,86.0,142
d2oifb_,86.0,151
d2oifc_,86.0,152
d1hbhc_,86.0,142
d1s5yc_,86.0,142
d2h8dc_,86.0,142
d2h8fc_,86.0,142
d3gqgc_,86.0,142
d4g51c_,86.0,142
d4iroc_,86.0,142
d2oifd_,86.0,152
d2oife_,86.0,153
d2oiff_,86.0,152
d2oifg_,86.0,154
d2oifh_,86.0,152
d6iyhb_,85.0,145
d3hrwa_,85.0,141
d1umoa_,85.0,154
d1urva_,85.0,154
d1urya_,85.0,154
d1ut0a_,85.0,154
d1ux9a_,85.0,154
d1umob_,85.0,154
d1urvb_,85.0,154
d1uryb_,85.0,154
d1ut0b_,85.0,170
d1ux9b_,85.0,154
d3hrwc_,85.0,141
d4f68a_,85.0,110
d4f69a_,85.0,110
d1wzza1,85.0,319
d1j7sa_,84.0,141
d1j7ya_,84.0,141
d1qi8a_,84.0,141
d1xzva_,84.0,141
d2gnva_,84.0,158
d2gnvb_,84.0,155
d2w72c_,84.0,141
d1j7sc_,84.0,141
d1j7yc_,84.0,141
d1qi8c_,84.0,141
d1xzvc_,84.0,141
d3w4ue_,84.0,138
d6d5da_,84.0,627
d1f9ga1,84.0,371
d1n7na1,84.0,371
d1n7oa1,84.0,371
d1n7pa1,84.0,371
d1n7qa1,84.0,371
d1n7ra1,84.0,371
d1ojpa1,84.0,371
d1w3ya1,84.0,371
d2brpa1,84.0,371
d1c82a1,84.0,370
d1egua1,84.0,370
d2brwa1,84.0,369
d1ojma1,84.0,367
d2brwb1,84.0,369
d2brvx1,84.0,371
d3ibva_,84.0,975
d3ibvb_,84.0,955
d6iyib_,83.0,146
d2w72a_,83.0,141
d2zfba_,83.0,141
d1bzza_,83.0,141
d1c7ba_,83.0,141
d1j7wa_,83.0,141
d1o1ia_,83.0,141
d1o1oa_,83.0,141
d1xyea_,83.0,141
d1xz4a_,83.0,141
d1y0aa_,83.0,141
d1y0ca_,83.0,141
d1ydza_,83.0,141
d4mqca_,83.0,141
d4mqha_,83.0,139
d5sw7a_,83.0,142
d4h2la_,83.0,141
d1o1ma1,83.0,141
d1abwa1,83.0,142
d1abya1,83.0,142
d1c7ca1,83.0,142
d1c7da1,83.0,142
d1o1ja1,83.0,142
d1o1pa1,83.0,142
d1hbhb_,83.0,146
d1pbxb_,83.0,146
d2h8db_,83.0,146
d2h8fb_,83.0,146
d2pegb_,83.0,146
d3gkvb_,83.0,146
d3gqgb_,83.0,146
d4g51b_,83.0,146
d4irob_,83.0,146
d4odcb_,83.0,146
d1bzzc_,83.0,141
d1c7bc_,83.0,141
d1j7wc_,83.0,141
d1o1oc_,83.0,141
d1xyec_,83.0,141
d1xz4c_,83.0,141
d1y0ac_,83.0,141
d1y0cc_,83.0,141
d1ydzc_,83.0,141
d4esad_,83.0,145
d1hbhd_,83.0,146
d2h8dd_,83.0,146
d2h8fd_,83.0,146
d3gqgd_,83.0,146
d4g51d_,83.0,146
d4irod_,83.0,146
d6m7xa_,83.0,469
d6m7xb_,83.0,469
d4yu3a_,82.0,141
d4yu4a_,82.0,141
d5woga_,82.0,137
d5woha_,82.0,137
d6bb5a_,82.0,139
d6hala_,82.0,139
d1vhba_,82.0,144
d2vhba_,82.0,145
d3tm3a_,82.0,146
d3vhba_,82.0,144
d4vhba_,82.0,146
d1la6a_,82.0,142
d1t1na_,82.0,142
d2aa1a_,82.0,142
d3d1ka_,82.0,142
d3nfea_,82.0,142
d3ng6a_,82.0,142
d5lfga_,82.0,142
d1a00a_,82.0,141
d1a01a_,82.0,141
d1a0ua_,82.0,141
d1a0va_,82.0,141
d1a0wa_,82.0,141
d1a0xa_,82.0,141
d1a0ya_,82.0,141
d1a0za_,82.0,141
d1a3na_,82.0,141
d1a3oa_,82.0,141
d1a9wa_,82.0,141
d1axfa_,82.0,141
d1b86a_,82.0,141
d1baba_,82.0,142
d1bbba_,82.0,141
d1bija_,82.0,141
d1buwa_,82.0,141
d1bz0a_,82.0,141
d1bz1a_,82.0,142
d1clsa_,82.0,141
d1cmya_,82.0,141
d1coha_,82.0,141
d1dkea_,82.0,141
d1dxta_,82.0,141
d1dxua_,82.0,141
d1dxva_,82.0,141
d1fdha_,82.0,141
d1fn3a_,82.0,141
d1g9va_,82.0,141
d1gbua_,82.0,141
d1gbva_,82.0,141
d1gzxa_,82.0,141
d1haba_,82.0,141
d1haca_,82.0,141
d1hbaa_,82.0,141
d1hbba_,82.0,141
d1hbsa_,82.0,141
d1hcoa_,82.0,141
d1hdba_,82.0,141
d1hgaa_,82.0,141
d1hgba_,82.0,141
d1hgca_,82.0,141
d1hhoa_,82.0,141
d1irda_,82.0,141
d1j3ya_,82.0,141
d1j3za_,82.0,141
d1j40a_,82.0,141
d1j41a_,82.0,141
d1jy7a_,82.0,141
d1k0ya_,82.0,141
d1k1ka_,82.0,141
d1kd2a_,82.0,141
d1lfla_,82.0,141
d1lfqa_,82.0,141
d1lfta_,82.0,141
d1lfva_,82.0,141
d1lfya_,82.0,141
d1lfza_,82.0,141
d1ljwa_,82.0,141
d1m9pa_,82.0,141
d1mkoa_,82.0,141
d1neja_,82.0,141
d1niha_,82.0,141
d1nqpa_,82.0,141
d1o1ka_,82.0,140
d1qsha_,82.0,141
d1qsia_,82.0,141
d1qxda_,82.0,141
d1qxea_,82.0,141
d1rpsa_,82.0,141
d1rq3a_,82.0,141
d1rq4a_,82.0,141
d1rqaa_,82.0,141
d1sdka_,82.0,141
d1sdla_,82.0,141
d1shra_,82.0,141
d1si4a_,82.0,141
d1thba_,82.0,141
d1uiwa_,82.0,141
d1xxta_,82.0,141
d1xz2a_,82.0,141
d1y0da_,82.0,140
d1y0ta_,82.0,141
d1y0wa_,82.0,141
d1y22a_,82.0,141
d1y2za_,82.0,141
d1y31a_,82.0,141
d1y35a_,82.0,141
d1y45a_,82.0,141
d1y46a_,82.0,141
d1y4ba_,82.0,141
d1y4fa_,82.0,141
d1y4ga_,82.0,141
d1y4pa_,82.0,141
d1y4qa_,82.0,141
d1y4ra_,82.0,141
d1y4va_,82.0,141
d1y5fa_,82.0,141
d1y5ja_,82.0,141
d1y5ka_,82.0,141
d1y7ca_,82.0,141
d1y7da_,82.0,141
d1y7ga_,82.0,141
d1y7za_,82.0,141
d1y83a_,82.0,141
d1y85a_,82.0,141
d1ye0a_,82.0,141
d1ye1a_,82.0,141
d1ye2a_,82.0,141
d1yena_,82.0,138
d1yeoa_,82.0,141
d1yeqa_,82.0,141
d1yeua_,82.0,141
d1yeva_,82.0,138
d1yffa_,82.0,141
d1yg5a_,82.0,141
d1ygda_,82.0,141
d1ygfa_,82.0,141
d1yh9a_,82.0,141
d1yhea_,82.0,141
d1yhra_,82.0,141
d1yiea_,82.0,141
d1yiha_,82.0,141
d1yvqa_,82.0,141
d1yvta_,82.0,141
d1yzia_,82.0,141
d2d5za_,82.0,141
d2d60a_,82.0,141
d2dfoa_,82.0,141
d2dfqa_,82.0,141
d2dn1a_,82.0,140
d2dn2a_,82.0,141
d2dn3a_,82.0,141
d2dxma_,82.0,141
d2h35a_,82.0,141
d2hbca_,82.0,141
d2hbda_,82.0,141
d2hbea_,82.0,141
d2hbfa_,82.0,141
d2hbsa_,82.0,141
d2hcoa_,82.0,141
d2hhba_,82.0,141
d2hhda_,82.0,141
d2hhea_,82.0,141
d2m6za_,82.0,141
d2w6va_,82.0,141
d2yrsa_,82.0,141
d3b75a_,82.0,141
d3d17a_,82.0,141
d3d7oa_,82.0,141
d3duta_,82.0,141
d3hhba_,82.0,141
d3hxna_,82.0,141
d3ic0a_,82.0,141
d3ic2a_,82.0,141
d3kmfa_,82.0,141
d3nl7a_,82.0,141
d3odqa_,82.0,141
d3onza_,82.0,140
d3oo4a_,82.0,141
d3oo5a_,82.0,140
d3p5qa_,82.0,139
d3qjca_,82.0,141
d3qjea_,82.0,141
d3r5ia_,82.0,141
d3s65a_,82.0,141
d3s66a_,82.0,139
d3szka_,82.0,140
d3wcpa_,82.0,141
d3whma_,82.0,140
d4fc3a_,82.0,140
d4hhba_,82.0,141
d4l7ya_,82.0,141
d4m4aa_,82.0,140
d4m4ba_,82.0,140
d4mqga_,82.0,141
d4mqia_,82.0,140
d4mqja_,82.0,141
d4mqka_,82.0,141
d4n7na_,82.0,141
d4n7oa_,82.0,141
d4n7pa_,82.0,141
d4n8ta_,82.0,140
d4ni0a_,82.0,141
d4ni1a_,82.0,141
d4rola_,82.0,141
d4roma_,82.0,141
d4wjga_,82.0,141
d4x0la_,82.0,141
d4xs0a_,82.0,141
d5e29a_,82.0,141
d5e6ea_,82.0,141
d5e83a_,82.0,141
d5hu6a_,82.0,141
d5hy8a_,82.0,141
d5kdqa_,82.0,141
d5ksia_,82.0,141
d5ksja_,82.0,141
d5u3ia_,82.0,141
d5ucua_,82.0,140
d5ufja_,82.0,141
d5urca_,82.0,141
d5x2ra_,82.0,140
d5x2sa_,82.0,140
d5x2ta_,82.0,140
d5x2ua_,82.0,140
d6bnra_,82.0,141
d6bwpa_,82.0,141
d6bwua_,82.0,140
d6di4a_,82.0,141
d6hbwa_,82.0,141
d6hk2a_,82.0,141
d6ka9a_,82.0,141
d6kaea_,82.0,141
d6kaha_,82.0,141
d6kaia_,82.0,141
d6kaoa_,82.0,141
d6kapa_,82.0,141
d6kaqa_,82.0,141
d6kara_,82.0,141
d6kasa_,82.0,141
d6kata_,82.0,141
d6kaua_,82.0,141
d6kava_,82.0,141
d6kyea_,82.0,140
d6l5va_,82.0,141
d6l5wa_,82.0,141
d6l5xa_,82.0,141
d6l5ya_,82.0,141
d6lcwa_,82.0,141
d6lcxa_,82.0,141
d6nbca_,82.0,140
d6nq5a_,82.0,140
d6tb2a_,82.0,141
d6xd9a_,82.0,141
d6xdta_,82.0,141
d6xe7a_,82.0,141
d7cuea_,82.0,141
d7jjqa_,82.0,140
d7jxza_,82.0,141
d7jy0a_,82.0,141
d7jy1a_,82.0,141
d7jy3a_,82.0,141
d1abwa2,82.0,141
d1abya2,82.0,141
d1c7ca2,82.0,141
d1o1ja2,82.0,141
d1o1pa2,82.0,141
d1c7da2,82.0,142
d1o1ma2,82.0,141
d5wogb_,82.0,137
d3at5b_,82.0,146
d3at6b_,82.0,146
d1vhbb_,82.0,144
d2vhbb_,82.0,144
d3vhbb_,82.0,144
d4vhbb_,82.0,144
d1fdhb_,82.0,141
d1y01b_,82.0,138
d1z8ub_,82.0,135
d4yu4c_,82.0,141
d5wohc_,82.0,137
d6halc_,82.0,139
d1x9fc_,82.0,149
d2aa1c_,82.0,142
d3nfec_,82.0,142
d3ng6c_,82.0,142
d5lfgc_,82.0,142
d1a00c_,82.0,141
d1a01c_,82.0,141
d1a0uc_,82.0,141
d1a0vc_,82.0,141
d1a0wc_,82.0,141
d1a0xc_,82.0,141
d1a0yc_,82.0,141
d1a0zc_,82.0,141
d1a3nc_,82.0,141
d1a3oc_,82.0,141
d1a9wc_,82.0,141
d1axfc_,82.0,141
d1b86c_,82.0,141
d1babc_,82.0,142
d1bbbc_,82.0,141
d1bijc_,82.0,141
d1buwc_,82.0,141
d1bz0c_,82.0,141
d1bz1c_,82.0,142
d1clsc_,82.0,141
d1cmyc_,82.0,141
d1cohc_,82.0,141
d1dkec_,82.0,141
d1dxtc_,82.0,141
d1dxuc_,82.0,141
d1dxvc_,82.0,141
d1fn3c_,82.0,141
d1g9vc_,82.0,141
d1gbuc_,82.0,141
d1gbvc_,82.0,141
d1gzxc_,82.0,141
d1habc_,82.0,141
d1hacc_,82.0,141
d1hbac_,82.0,141
d1hbbc_,82.0,141
d1hbsc_,82.0,141
d1hdbc_,82.0,141
d1hgac_,82.0,141
d1hgbc_,82.0,141
d1hgcc_,82.0,141
d1j3yc_,82.0,141
d1j3zc_,82.0,141
d1j40c_,82.0,141
d1j41c_,82.0,141
d1jy7c_,82.0,141
d1k0yc_,82.0,141
d1kd2c_,82.0,141
d1lflc_,82.0,141
d1m9pc_,82.0,141
d1mkoc_,82.0,141
d1nejc_,82.0,141
d1nihc_,82.0,141
d1nqpc_,82.0,141
d1o1kc_,82.0,140
d1qshc_,82.0,141
d1qsic_,82.0,141
d1qxdc_,82.0,141
d1qxec_,82.0,141
d1rpsc_,82.0,141
d1rq3c_,82.0,141
d1rq4c_,82.0,141
d1rqac_,82.0,141
d1sdkc_,82.0,141
d1sdlc_,82.0,141
d1shrc_,82.0,141
d1si4c_,82.0,141
d1thbc_,82.0,141
d1uiwc_,82.0,141
d1xxtc_,82.0,141
d1xz2c_,82.0,141
d1y0dc_,82.0,140
d1y0tc_,82.0,141
d1y0wc_,82.0,141
d1y22c_,82.0,141
d1y2zc_,82.0,141
d1y31c_,82.0,141
d1y35c_,82.0,141
d1y45c_,82.0,141
d1y46c_,82.0,141
d1y4bc_,82.0,141
d1y4fc_,82.0,141
d1y4gc_,82.0,141
d1y4pc_,82.0,141
d1y4qc_,82.0,141
d1y4rc_,82.0,141
d1y4vc_,82.0,141
d1y5fc_,82.0,141
d1y5jc_,82.0,141
d1y5kc_,82.0,141
d1y7cc_,82.0,141
d1y7dc_,82.0,141
d1y7gc_,82.0,141
d1y7zc_,82.0,141
d1y83c_,82.0,141
d1y85c_,82.0,141
d1ye0c_,82.0,141
d1ye1c_,82.0,141
d1ye2c_,82.0,141
d1yenc_,82.0,138
d1yeoc_,82.0,141
d1yeqc_,82.0,141
d1yeuc_,82.0,141
d1yevc_,82.0,138
d1yffc_,82.0,141
d1yg5c_,82.0,141
d1ygdc_,82.0,141
d1ygfc_,82.0,141
d1yh9c_,82.0,141
d1yhec_,82.0,141
d1yhrc_,82.0,141
d1yiec_,82.0,141
d1yihc_,82.0,141
d1yvqc_,82.0,141
d2d5zc_,82.0,141
d2d60c_,82.0,141
d2dfqc_,82.0,141
d2dn2c_,82.0,141
d2dxmc_,82.0,141
d2h35c_,82.0,141
d2hbsc_,82.0,141
d2hhbc_,82.0,141
d2hhdc_,82.0,141
d2hhec_,82.0,141
d2m6zc_,82.0,141
d2w6vc_,82.0,141
d2yrsc_,82.0,141
d3b75c_,82.0,141
d3d17c_,82.0,141
d3dutc_,82.0,141
d3hhbc_,82.0,141
d3hxnc_,82.0,141
d3ic0c_,82.0,141
d3ic2c_,82.0,141
d3odqc_,82.0,141
d3ovuc_,82.0,139
d3qjec_,82.0,141
d3r5ic_,82.0,141
d3s48c_,82.0,138
d3s65c_,82.0,141
d3wcpc_,82.0,141
d4hhbc_,82.0,141
d4l7yc_,82.0,141
d4mqjc_,82.0,141
d4mqkc_,82.0,141
d4n7nc_,82.0,141
d4n7oc_,82.0,141
d4n7pc_,82.0,141
d4rolc_,82.0,141
d4romc_,82.0,141
d5e29c_,82.0,141
d5e83c_,82.0,141
d5ee4c_,82.0,141
d5hy8c_,82.0,141
d5kdqc_,82.0,141
d5ksic_,82.0,141
d5ksjc_,82.0,141
d5u3ic_,82.0,141
d5ufjc_,82.0,141
d5urcc_,82.0,141
d5x2rc_,82.0,140
d5x2sc_,82.0,140
d5x2tc_,82.0,140
d5x2uc_,82.0,140
d6bnrc_,82.0,141
d6bwpc_,82.0,141
d6di4c_,82.0,141
d6hbwc_,82.0,141
d6hk2c_,82.0,141
d6ka9c_,82.0,141
d6kaec_,82.0,141
d6kahc_,82.0,141
d6kaic_,82.0,141
d6kasc_,82.0,141
d6katc_,82.0,141
d6kauc_,82.0,141
d6kavc_,82.0,141
d6kyec_,82.0,140
d6l5xc_,82.0,141
d6l5yc_,82.0,141
d6lcwc_,82.0,141
d6lcxc_,82.0,141
d6nbcc_,82.0,140
d6xd9c_,82.0,141
d6xdtc_,82.0,141
d6xe7c_,82.0,141
d7cuec_,82.0,141
d7jjqc_,82.0,139
d7jxzc_,82.0,141
d7jy0c_,82.0,141
d7jy1c_,82.0,141
d7jy3c_,82.0,141
d2gtlc1,82.0,149
d1z8ud_,82.0,135
d3s48d_,82.0,140
d3szkd_,82.0,140
d1hbse_,82.0,141
d1j3ye_,82.0,141
d1j3ze_,82.0,141
d1j40e_,82.0,141
d1j41e_,82.0,141
d1uiwe_,82.0,141
d1yffe_,82.0,141
d2hbse_,82.0,141
d3b75e_,82.0,141
d3kmfe_,82.0,141
d3whme_,82.0,140
d4mqje_,82.0,141
d4mqke_,82.0,138
d4n7ne_,82.0,141
d4n7oe_,82.0,141
d4n7pe_,82.0,141
d5ee4e_,82.0,141
d5hy8e_,82.0,137
d5x2re_,82.0,140
d5x2se_,82.0,140
d5x2te_,82.0,140
d5x2ue_,82.0,140
d6ka9e_,82.0,141
d6kaee_,82.0,141
d6kahe_,82.0,141
d6kaie_,82.0,141
d6kyee_,82.0,140
d6lcwe_,82.0,141
d6lcxe_,82.0,141
d4wjgf_,82.0,141
d1x9fg_,82.0,149
d1hbsg_,82.0,141
d1j3yg_,82.0,141
d1j3zg_,82.0,141
d1j40g_,82.0,141
d1j41g_,82.0,141
d1uiwg_,82.0,141
d1yffg_,82.0,141
d2hbsg_,82.0,141
d3b75g_,82.0,141
d4mqjg_,82.0,141
d4mqkg_,82.0,140
d4n7ng_,82.0,141
d4n7og_,82.0,141
d4n7pg_,82.0,141
d5hy8g_,82.0,138
d5x2rg_,82.0,140
d5x2sg_,82.0,140
d5x2tg_,82.0,140
d5x2ug_,82.0,140
d6ka9g_,82.0,141
d6kaeg_,82.0,141
d6kahg_,82.0,141
d6kaig_,82.0,141
d6kyeg_,82.0,140
d6lcwg_,82.0,141
d6lcxg_,82.0,141
d2gtlg1,82.0,149
d2yrsi_,82.0,141
d4n7ni_,82.0,141
d4n7oi_,82.0,141
d4n7pi_,82.0,141
d5x2ri_,82.0,140
d5x2si_,82.0,140
d5x2ti_,82.0,140
d5x2ui_,82.0,140
d6kyei_,82.0,141
d1x9fk_,82.0,149
d4n7nk_,82.0,141
d4n7ok_,82.0,141
d4n7pk_,82.0,141
d4wjgk_,82.0,141
d5x2rk_,82.0,140
d5x2sk_,82.0,140
d5x2tk_,82.0,140
d5x2uk_,82.0,140
d6kyek_,82.0,140
d2gtlk1,82.0,149
d2yrsm_,82.0,141
d1jy7p_,82.0,141
d1lflp_,82.0,141
d4wjgp_,82.0,141
d1jy7r_,82.0,141
d1lflr_,82.0,141
d3b75s_,82.0,141
d5hy8s_,82.0,141
d1jy7u_,82.0,141
d4wjgu_,82.0,141
d1jy7w_,82.0,141
d4wjgz_,82.0,141
d4f6ba_,82.0,110
d4f6da_,82.0,110
d4f6fa_,82.0,110
d4f6ga_,82.0,110
d4f6ia_,82.0,110
d4f6ja_,82.0,110
d4el8a_,82.0,625
d4l0ga_,82.0,627
d4l0ha_,82.0,627
d4l6xa_,82.0,627
d4txta_,82.0,627
d6hqda_,82.0,414
d6hqdb_,82.0,412
d6hqdc_,82.0,415
d3bb0a_,82.0,576
d1idqa_,82.0,574
d1idua_,82.0,576
d1vnca_,82.0,576
d1vnea_,82.0,574
d1vnfa_,82.0,574
d1vnha_,82.0,574
d1vnia_,82.0,574
d1vnsa_,82.0,574
d6iyha_,81.0,142
d3cy5a_,81.0,141
d2r80a_,81.0,141
d3dhra_,81.0,141
d3dhta_,81.0,139
d3hf4a_,81.0,141
d1c0ha_,81.0,141
d1c40a_,81.0,141
d1glia_,81.0,141
d1r1xa_,81.0,141
d1r1ya_,81.0,141
d1xy0a_,81.0,141
d1xz5a_,81.0,141
d1xzua_,81.0,141
d4mpma_,81.0,147
d4mpmb_,81.0,148
d3cy5c_,81.0,141
d2r80c_,81.0,141
d3dhrc_,81.0,141
d1glic_,81.0,141
d1r1yc_,81.0,141
d1xy0c_,81.0,141
d1xz5c_,81.0,141
d1xzuc_,81.0,141
d3dhre_,81.0,141
d3hf4e_,81.0,141
d3dhrg_,81.0,141
d1vnga_,81.0,574
d4x5za2,81.0,217
d5db1a2,81.0,217
d5dd9a2,81.0,217
d5ddaa2,81.0,217
d5ddba2,81.0,217
d5ddca2,81.0,217
d5ddda2,81.0,217
d5ddea2,81.0,217
d5ddfa2,81.0,217
d6o5ia2,81.0,217
d6bxha2,81.0,219
d4og3a2,81.0,220
d4og4a2,81.0,220
d4og5a2,81.0,220
d5db0a2,81.0,229
d5db2a2,81.0,229
d5db3a2,81.0,229
d6bxya2,81.0,249
d3u85a2,81.0,291
d3u86a2,81.0,291
d6b41a2,81.0,291
d6e1aa2,81.0,291
d6wnha2,81.0,291
d3u88a2,81.0,293
d4gq3a2,81.0,269
d4gq4a2,81.0,269
d4og6a2,81.0,269
d4og7a2,81.0,269
d4og8a2,81.0,269
d6by8a2,81.0,269
d4gpqa2,81.0,270
d4x5ya2,81.0,270
d6s2ka2,81.0,291
d3u84b2,81.0,291
d3u88b2,81.0,292
d6s2kb2,81.0,291
d4esaa_,80.0,142
d6rp5a_,80.0,142
d5kera_,80.0,140
d3fh9a_,80.0,141
d2dc3a_,80.0,172
d3ag0a_,80.0,158
d1a4fa_,80.0,141
d1hv4a_,80.0,141
d1rvwa_,80.0,141
d1vwta_,80.0,141
d1xz7a_,80.0,141
d1y8wa_,80.0,141
d1s0ha1,80.0,141
d1o1na1,80.0,141
d1o1la1,80.0,142
d4esab_,80.0,144
d6rp5b_,80.0,144
d2dc3b_,80.0,168
d1s5xb_,80.0,144
d1s5yb_,80.0,144
d4esac_,80.0,142
d5kerc_,80.0,140
d1hv4c_,80.0,141
d1vwtc_,80.0,141
d1xz7c_,80.0,141
d1y8wc_,80.0,141
d1s5yd_,80.0,144
d5kere_,80.0,140
d1hv4e_,80.0,141
d5kerg_,80.0,140
d1hv4g_,80.0,141
d5xd0a_,80.0,378
d5xd0b_,80.0,378
d2j4aa_,80.0,251
d3d57a_,80.0,251
d3wcta_,79.0,146
d3wcua_,79.0,146
d3wcva_,79.0,146
d3wcwa_,79.0,146
d3wcte_,79.0,146
d3wcue_,79.0,146
d3wcve_,79.0,146
d3wcwe_,79.0,146
d3lqda_,79.0,141
d2raoa_,79.0,141
d1g0ba_,79.0,141
d1ibea_,79.0,141
d1iwha_,79.0,141
d1ns6a_,79.0,141
d1ns9a_,79.0,141
d1y8ha_,79.0,141
d1y8ia_,79.0,141
d1y8ka_,79.0,141
d2d5xa_,79.0,141
d2mhba_,79.0,141
d2zlta_,79.0,141
d2zlua_,79.0,140
d2zlva_,79.0,141
d2zlwa_,79.0,141
d2zlxa_,79.0,140
d5c6ea_,79.0,141
d6r2oa_,79.0,141
d6svaa_,79.0,139
d1aj9a_,79.0,141
d1o1la2,79.0,141
d1o1na2,79.0,141
d3lqdc_,79.0,141
d2raoc_,79.0,141
d1y8hc_,79.0,141
d1y8ic_,79.0,141
d1y8kc_,79.0,141
d2zlwc_,79.0,141
d2zlxc_,79.0,139
d6r2oc_,79.0,141
d6abva_,79.0,367
d6abwa_,79.0,369
d2ifca_,79.0,380
d2r26a_,79.0,381
d2r9ea_,79.0,381
d4yboa1,79.0,380
d2ifcb_,79.0,380
d2r26b_,79.0,380
d2r9eb_,79.0,379
d4ybob_,79.0,381
d2ifcc_,79.0,382
d2r26c_,79.0,379
d2r9ec_,79.0,379
d4yboc_,79.0,380
d2ifcd_,79.0,376
d2r26d_,79.0,379
d2r9ed_,79.0,379
d4ybod1,79.0,382
d2vywa_,78.0,148
d3tlda_,78.0,146
d1v4ua_,78.0,143
d1v4wa_,78.0,143
d1v4xa_,78.0,143
d1spga_,78.0,143
d1fawa_,78.0,141
d3nmma_,78.0,141
d3qjba_,78.0,141
d3qjda_,78.0,141
d3tldb_,78.0,146
d1t1nb_,78.0,146
d3d1kb_,78.0,146
d3nfeb_,78.0,146
d3ng6b_,78.0,146
d5lfgb_,78.0,146
d1v4uc_,78.0,143
d1v4wc_,78.0,143
d1v4xc_,78.0,143
d1fawc_,78.0,141
d3nmmc_,78.0,141
d3qjdc_,78.0,141
d3nfed_,78.0,146
d3ng6d_,78.0,146
d5lfgd_,78.0,145
d2bkud_,78.0,861
d3nd2a_,78.0,861
d5owua_,78.0,861
d3ea5b_,78.0,861
d2bkub1,78.0,861
d3ea5d_,78.0,861
d2g3ha_,77.0,153
d2ri4a_,77.0,139
d3d1aa_,77.0,141
d3eu1a_,77.0,141
d3vrea_,77.0,141
d3vrfa_,77.0,141
d3vrga_,77.0,141
d2qu0a_,77.0,141
d2ri4c_,77.0,138
d3d1ac_,77.0,141
d3eu1c_,77.0,141
d3vrec_,77.0,141
d2qu0c_,77.0,141
d2ri4i_,77.0,138
d2ri4k_,77.0,138
d1rw9a1,77.0,369
d1rwaa1,77.0,369
d1rwca1,77.0,369
d1rwfa1,77.0,369
d1rwga1,77.0,369
d1rwha1,77.0,369
d4quoa4,77.0,328
d2gtqa4,77.0,327
d4pu2a4,77.0,328
d4pvba4,77.0,328
d4pw4a4,77.0,328
d4qhpa4,77.0,328
d4qira4,77.0,328
d4qmea4,77.0,328
d4qpea4,77.0,328
d5dyfa4,77.0,328
d3eoka_,76.0,141
d3fs4a_,76.0,141
d1v5ha_,76.0,151
d1outa_,76.0,142
d1ouua_,76.0,142
d3fs4c_,76.0,141
d1ouuc_,76.0,142
d4zg8a_,76.0,426
d4zh5a_,76.0,425
d4zg8b_,76.0,425
d4zh5b_,76.0,425
d1x1ha1,76.0,361
d1x1ia1,76.0,361
d1x1ja1,76.0,361
d1wy6a_,76.0,161
d3wctd_,75.0,147
d3wcud_,75.0,149
d3wcvd_,75.0,147
d3wcwd_,75.0,147
d3wcth_,75.0,147
d3wcuh_,75.0,149
d3wcvh_,75.0,148
d3wcwh_,75.0,147
d6ii1a_,75.0,137
d1fsxa_,75.0,141
d1g08a_,75.0,141
d1g09a_,75.0,141
d1g0aa_,75.0,141
d1hdaa_,75.0,141
d2qspa_,75.0,141
d2qssa_,75.0,141
d3pi8a_,75.0,141
d3pi9a_,75.0,141
d3piaa_,75.0,141
d6ihxa_,75.0,140
d3ciua1,75.0,140
d1la6b_,75.0,143
d6ii1c_,75.0,138
d1fsxc_,75.0,141
d1g08c_,75.0,141
d1g09c_,75.0,141
d1g0ac_,75.0,141
d1hdac_,75.0,141
d2qspc_,75.0,141
d2qssc_,75.0,141
d3pi8c_,75.0,141
d3pi9c_,75.0,141
d3piac_,75.0,141
d6ihxc_,75.0,140
d3ciuc1,75.0,141
d5irca1,75.0,198
d5ircb_,75.0,196
d2z6ha_,75.0,543
d1v18a_,75.0,516
d1g3ja_,75.0,531
d1jdha_,75.0,529
d1jpwa_,75.0,512
d1luja_,75.0,514
d1qz7a_,75.0,524
d1t08a_,75.0,519
d1th1a_,75.0,520
d2gl7a_,75.0,522
d3tx7a_,75.0,514
d4djsa_,75.0,518
d1i7wa_,75.0,514
d1i7xa_,75.0,529
d1jppa_,75.0,513
d1m1ea_,75.0,521
d2bcta_,75.0,516
d3ouwa_,75.0,508
d3ouxa_,75.0,515
d4ev8a_,75.0,504
d4ev9a_,75.0,504
d4evaa_,75.0,503
d4evpa_,75.0,501
d4evta_,75.0,502
d1jpwb_,75.0,512
d1th1b_,75.0,519
d1jppb_,75.0,514
d1jpwc_,75.0,512
d1i7wc_,75.0,521
d1i7xc_,75.0,531
d4evac_,75.0,500
d2gl7d_,75.0,516
d3bj1a_,74.0,142
d3bj2a_,74.0,142
d3bj3a_,74.0,142
d1v75a_,74.0,141
d1wmua_,74.0,141
d2z6na_,74.0,141
d1hbra_,74.0,141
d3bj1c_,74.0,142
d3bj2c_,74.0,142
d3bj3c_,74.0,142
d1hbrc_,74.0,141
d4keya_,74.0,453
d4kf2a_,74.0,455
d4o4pa_,74.0,453
d6h1la_,74.0,455
d6h1oa_,74.0,456
d6h1sa_,74.0,453
d6h1ta_,74.0,456
d6hn8a_,74.0,453
d4keyb_,74.0,453
d4kf2b_,74.0,454
d4o4pb_,74.0,452
d6h1lb_,74.0,457
d6h1ob_,74.0,457
d6h1sb_,74.0,455
d6h1tb_,74.0,456
d6hn8b_,74.0,454
d6h1tc_,74.0,456
d6h1td_,74.0,458
d3fk2a_,74.0,196
d3fk2b_,74.0,196
d3fk2c_,74.0,195
d3fk2d_,74.0,196
d1u6gc_,74.0,1207
d4ap2b_,74.0,365
d1f8na1,74.0,690
d1fgma1,74.0,690
d1fgoa1,74.0,690
d1fgqa1,74.0,690
d1fgra1,74.0,690
d1fgta1,74.0,690
d1y4ka1,74.0,690
d1ygea1,74.0,690
d2sbla1,74.0,690
d3bnba1,74.0,690
d3bnca1,74.0,690
d3bnda1,74.0,690
d3bnea1,74.0,690
d3pzwa2,74.0,690
d4wfoa2,74.0,690
d4whaa2,74.0,690
d5eeoa2,74.0,690
d5t5va2,74.0,690
d5tqna2,74.0,690
d5tqoa2,74.0,690
d5tqpa2,74.0,690
d5tr0a2,74.0,690
d2sblb1,74.0,690
d5t5vb2,74.0,690
d5tqnb2,74.0,690
d5tqob2,74.0,690
d5tqpb2,74.0,690
d5tr0b2,74.0,690
d3tm9a_,73.0,146
d1dceb_,73.0,329
d1ltxb_,73.0,326
d3c72b_,73.0,325
d3dssb_,73.0,327
d3dstb_,73.0,327
d3dsub_,73.0,327
d3dsvb_,73.0,327
d3dswb_,73.0,326
d3dsxb_,73.0,327
d3hxbb_,73.0,327
d3hxcb_,73.0,327
d3hxdb_,73.0,327
d3hxeb_,73.0,327
d3hxfb_,73.0,326
d3pz1b_,73.0,327
d3pz2b_,73.0,327
d3pz3b_,73.0,327
d4ehmb_,73.0,327
d4gtsb_,73.0,327
d4gttb_,73.0,327
d4gtvb_,73.0,327
d1dced_,73.0,329
d5ylwa_,73.0,466
d5ym3a_,73.0,466
d7cb9a_,73.0,466
d5veua_,73.0,469
d6mjma_,73.0,471
d5veub_,73.0,469
d5veuc_,73.0,469
d5veud_,73.0,469
d5veue_,73.0,464
d5veuf_,73.0,467
d5veug_,73.0,469
d5veuh_,73.0,469
d5veui_,73.0,469
d5veuj_,73.0,469
d5veuk_,73.0,469
d5veul_,73.0,468
d2h77a_,73.0,255
d1xq5a_,72.0,142
d1v4wb_,72.0,146
d1v4xb_,72.0,146
d1xq5c_,72.0,142
d1v4wd_,72.0,146
d1v4xd_,72.0,146
d2e22a1,72.0,361
d2e24a1,72.0,361
d1j0ma1,72.0,361
d1j0na1,72.0,361
d6bola_,72.0,433
d6bona_,72.0,434
d6booa_,72.0,435
d5uqoa_,72.0,434
d5uqqa_,72.0,435
d6bopa_,72.0,434
d6boma1,72.0,437
d5uqra1,72.0,437
d5uqua1,72.0,437
d6bolb_,72.0,434
d6bomb_,72.0,435
d6bonb_,72.0,434
d6boob_,72.0,435
d5uqob_,72.0,434
d5uqqb_,72.0,436
d5uqrb_,72.0,435
d5uqub_,72.0,436
d6bopb_,72.0,434
d6bomc_,72.0,435
d6booc_,72.0,435
d5uqqc_,72.0,437
d6bopc_,72.0,434
d6bomd_,72.0,436
d6bood_,72.0,435
d5uqqd_,72.0,434
d6bopd_,72.0,436
d6bome_,72.0,434
d5uqqe_,72.0,434
d6bomf_,72.0,434
d5uqqf_,72.0,435
d4yzra_,72.0,401
d2wm4a_,72.0,426
d2wm5a_,72.0,428
d6t0ga_,72.0,426
d6t0ha1,72.0,428
d6t0ja1,72.0,428
d6t0ka1,72.0,428
d5ucwa_,72.0,455
d2uwha_,72.0,458
d4kewa_,72.0,453
d4kf0a_,72.0,455
d5ucwb_,72.0,458
d2uwhb_,72.0,458
d4kewb_,72.0,453
d4kf0b_,72.0,455
d2uwhc_,72.0,458
d2uwhd_,72.0,458
d2uwhe_,72.0,458
d2uwhf_,72.0,458
d3gb8a_,72.0,1010
d6i2mb_,72.0,358
d2bk9a_,71.0,153
d3d4xa_,71.0,141
d3gqpa_,71.0,141
d3gqra_,71.0,141
d3gysa_,71.0,138
d3d4xc_,71.0,141
d3gqpc_,71.0,141
d3gqrc_,71.0,141
d3gysc_,71.0,139
d3gqre_,71.0,141
d3gyse_,71.0,138
d3gqrg_,71.0,141
d3gysg_,71.0,138
d1ks8a1,71.0,432
d1ksca1,71.0,432
d1ksda1,71.0,432
d3vyca_,71.0,987
d3l8na_,71.0,189
d3swva_,71.0,192
d4cr2q1,71.0,334
d6lx6a_,71.0,267
d6lx8a_,71.0,267
d6lxba_,71.0,269
d2c0ka_,70.0,150
d2d2ma_,70.0,140
d2zfoa_,70.0,140
d2zs0a_,70.0,140
d2zs1a_,70.0,140
d3wfwa1,70.0,133
d3wfxa1,70.0,133
d2c0kb_,70.0,149
d3wfxb1,70.0,133
d2d2md_,70.0,145
d5vtta_,70.0,137
d3gdja_,70.0,141
d5vttb_,70.0,137
d1v4ub_,70.0,142
d3gdjc_,70.0,141
d1v4ud_,70.0,142
d1kwfa_,70.0,363
d1f9da_,70.0,629
d1f9oa_,70.0,629
d1faea_,70.0,629
d1fboa_,70.0,629
d1fbwa_,70.0,629
d1fcea_,70.0,629
d1g9ga_,70.0,629
d1g9ja_,70.0,629
d2qnoa_,70.0,629
d2p2wa_,70.0,365
d3pm0a_,70.0,463
d4z5pa_,70.0,393
d6kfwa1,70.0,403
d4z5pb_,70.0,393
d4h24a_,70.0,457
d4wg2a1,70.0,460
d4h24b_,70.0,457
d4wg2b_,70.0,456
d4h24c_,70.0,456
d4wg2c_,70.0,460
d4h24d_,70.0,455
d3jxza_,70.0,225
d3bvsa1,70.0,225
d3jy1a1,70.0,225
d3jxya1,70.0,230
d3jx7a1,70.0,231
d4p8qa4,70.0,319
d4pj6a4,70.0,319
d5mj6a4,70.0,319
d4p8qb4,70.0,319
d4pj6b4,70.0,319
d5mj6b4,70.0,319
d4apfb_,70.0,355
d2ouxa1,70.0,130
d2ouxb1,70.0,130
d2iuja2,70.0,690
d1yhua_,69.0,145
d1yhue_,69.0,145
d1yhui_,69.0,145
d1yhum_,69.0,145
d1yhuq_,69.0,145
d1yhuu_,69.0,145
d1asha_,69.0,147
d3a0ga_,69.0,139
d3hyua_,69.0,141
d4lm6b_,69.0,177
d4wu0a_,69.0,360
d4wu0b_,69.0,360
d5uv0a1,69.0,204
d5uv1a1,69.0,203
d5uv2a1,69.0,203
d6onma1,69.0,203
d3p3la_,69.0,403
d3p3lb_,69.0,403
d4du2a_,69.0,453
d1t93a1,69.0,401
d2d09a1,69.0,401
d2d0ea1,69.0,401
d1se6a1,69.0,400
d5de9a1,69.0,400
d3tzoa1,69.0,400
d1s1fa1,69.0,397
d4du2b_,69.0,453
d1se6b1,69.0,400
d3tzob1,69.0,400
d5de9b1,69.0,400
d1up8a_,69.0,597
d1up8b_,69.0,597
d1up8c_,69.0,597
d1up8d_,69.0,597
d3byia1,69.0,210
d3byib1,69.0,210
d3byic_,69.0,210
d3byid_,69.0,209
d3bcta_,69.0,470
d1g3jc_,69.0,442
d1w3ba_,69.0,388
d1w3bb_,69.0,388
d2ooea1,69.0,529
d2onda1,69.0,308
d2ondb_,69.0,308
d2mr3a1,69.0,277
d4cr2o1,69.0,277
d6bmea_,68.0,127
d6bmeb_,68.0,125
d3mjpa_,68.0,141
d3wtga_,68.0,138
d3mjpc_,68.0,141
d3wtgc_,68.0,138
d5czla_,68.0,315
d2zzra_,68.0,397
d3ania_,68.0,397
d3anja_,68.0,397
d3anka_,68.0,397
d1xwta1,68.0,404
d1al6a_,68.0,435
d1amza_,68.0,435
d1csha_,68.0,435
d1csia_,68.0,435
d1csra_,68.0,435
d1cssa_,68.0,435
d6csca_,68.0,437
d6cscb_,68.0,434
d6cvca_,68.0,422
d6t0la_,68.0,422
d5kyoa_,68.0,399
d6t0fa1,68.0,428
d6ay6a1,68.0,447
d6ayba1,68.0,447
d6ayca1,68.0,447
d5tl8a1,68.0,448
d6ay4a1,68.0,448
d5kyob_,68.0,398
d6t0fb1,68.0,428
d5kyoc_,68.0,398
d6t0fc1,68.0,428
d5kyod_,68.0,397
d6t0fd1,68.0,428
d5kyoe_,68.0,396
d5kyof_,68.0,397
d4dtwa_,68.0,453
d4dtya_,68.0,453
d4dtza_,68.0,453
d4dtwb_,68.0,453
d4dtyb_,68.0,453
d4dtzb_,68.0,453
d3l6xa_,68.0,458
d4uada_,68.0,425
d3l6yc_,68.0,434
d3l6ye_,68.0,438
d3h3dx1,68.0,310
d3h3dy1,68.0,312
d1ya0a1,68.0,497
d1ya0b_,68.0,497
d2wtga_,67.0,158
d2wtha_,67.0,158
d2wthb_,67.0,158
d3ixfa_,67.0,137
d4kn3a_,67.0,137
d5chqa_,67.0,137
d5chra_,67.0,137
d5k1la_,67.0,137
d5lk9a_,67.0,137
d5lkva_,67.0,137
d5llza_,67.0,137
d5v5ja_,67.0,137
d5v5qa_,67.0,137
d6ch5a_,67.0,137
d6ch6a_,67.0,137
d6ckea_,67.0,137
d6co5a_,67.0,137
d6crea_,67.0,137
d6i6ga_,67.0,137
d6i7fa_,67.0,137
d6onga_,67.0,137
d6onka_,67.0,137
d6onra_,67.0,137
d6onxa_,67.0,137
d6onza_,67.0,137
d6oo1a_,67.0,137
d6oo6a_,67.0,137
d6oo8a_,67.0,137
d6vd3a_,67.0,137
d6vd4a_,67.0,137
d6vd5a_,67.0,137
d6vd6a_,67.0,137
d6vdra_,67.0,137
d6vdsa_,67.0,137
d6vdta_,67.0,137
d6vdua_,67.0,137
d6vdva_,67.0,137
d6vdwa_,67.0,137
d6vdxa_,67.0,137
d6vdya_,67.0,137
d6hita_,67.0,142
d3ixfb_,67.0,137
d4kn3b_,67.0,137
d5chqb_,67.0,137
d5chrb_,67.0,137
d5k1lb_,67.0,137
d5lk9b_,67.0,137
d5lkvb_,67.0,137
d5llzb_,67.0,137
d5v5jb_,67.0,137
d5v5qb_,67.0,137
d6ch5b_,67.0,137
d6ch6b_,67.0,137
d6ckeb_,67.0,137
d6co5b_,67.0,137
d6creb_,67.0,137
d6i6gb_,67.0,137
d6i7fb_,67.0,137
d6ongb_,67.0,137
d6onkb_,67.0,137
d6onrb_,67.0,137
d6onxb_,67.0,137
d6onzb_,67.0,137
d6oo1b_,67.0,137
d6oo6b_,67.0,137
d6oo8b_,67.0,137
d6vd3b_,67.0,137
d6vd4b_,67.0,137
d6vd5b_,67.0,137
d6vd6b_,67.0,137
d6vdrb_,67.0,137
d6vdsb_,67.0,137
d6vdtb_,67.0,137
d6vdub_,67.0,137
d6vdvb_,67.0,137
d6vdwb_,67.0,137
d6vdxb_,67.0,137
d6vdyb_,67.0,137
d1gcvb_,67.0,136
d1gcwb_,67.0,133
d6hitc_,67.0,142
d1gcvd_,67.0,136
d1gcwd_,67.0,133
d6hite_,67.0,142
d6hitg_,67.0,142
d5aqda_,67.0,164
d5fvba_,67.0,164
d5nb3a_,67.0,164
d5nb4a_,67.0,164
d5aqdb_,67.0,164
d5fvbb_,67.0,164
d5nb3b_,67.0,164
d5nb4b_,67.0,164
d5aqdc_,67.0,164
d5fvbc_,67.0,164
d5nb3c_,67.0,164
d5nb4c_,67.0,164
d4lm6d_,67.0,175
d5aqdd_,67.0,164
d5fvbd_,67.0,164
d5nb3d_,67.0,164
d5nb4d_,67.0,164
d5aqde_,67.0,164
d5fvbe_,67.0,164
d5nb3e_,67.0,164
d5nb4e_,67.0,164
d5aqdf_,67.0,164
d5fvbf_,67.0,164
d5nb3f_,67.0,164
d5nb4f_,67.0,164
d5aqdg_,67.0,164
d5fvbg_,67.0,164
d5nb3g_,67.0,164
d5nb4g_,67.0,164
d5aqdh_,67.0,164
d5fvbh_,67.0,164
d5nb3h_,67.0,164
d5nb4h_,67.0,164
d5aqdi_,67.0,164
d5fvbi_,67.0,164
d5nb3i_,67.0,164
d5nb4i_,67.0,164
d5aqdj_,67.0,164
d5fvbj_,67.0,164
d5nb3j_,67.0,164
d5nb4j_,67.0,164
d5aqdk_,67.0,164
d5fvbk_,67.0,164
d5nb3k_,67.0,164
d5nb4k_,67.0,164
d5aqdl_,67.0,164
d5fvbl_,67.0,164
d5nb3l_,67.0,164
d5nb4l_,67.0,164
d5gy3a_,67.0,310
d1h12a_,67.0,404
d1h13a_,67.0,404
d1h14a_,67.0,404
d1xwqa_,67.0,404
d2b4fa_,67.0,404
d1xw2a1,67.0,404
d2a8za1,67.0,404
d6j7fb_,67.0,329
d4xe3a_,67.0,394
d5mnsa_,67.0,395
d5mnva_,67.0,397
d5nwsa_,67.0,413
d6zhza_,67.0,396
d6zi2a_,67.0,394
d6zi3a_,67.0,397
d6zi7a_,67.0,396
d6gk5a1,67.0,400
d6gk6a1,67.0,400
d4xe3b_,67.0,394
d5mnsb_,67.0,395
d5mnvb_,67.0,394
d6zhzb_,67.0,397
d6zi2b_,67.0,395
d6zi7b_,67.0,400
d6zi3b1,67.0,397
d5mnsc_,67.0,395
d5mnvc_,67.0,396
d6zhzc_,67.0,396
d6zi2c_,67.0,395
d6zi3c_,67.0,397
d6zi7c_,67.0,400
d5mnsd_,67.0,395
d5mnvd_,67.0,394
d6zhzd_,67.0,395
d6zi2d_,67.0,394
d6zi3d_,67.0,396
d6zi7d_,67.0,400
d5mnse_,67.0,395
d5mnve_,67.0,395
d6zhze_,67.0,395
d6zi2e_,67.0,394
d6zi3e_,67.0,395
d6zi7e_,67.0,397
d5mnsf_,67.0,395
d5mnvf_,67.0,395
d6zhzf_,67.0,395
d6zi2f_,67.0,394
d6zi3f_,67.0,397
d6zi7f_,67.0,398
d5mnvg_,67.0,395
d6zi2g_,67.0,394
d5mnvh_,67.0,395
d6zi2h_,67.0,395
d5og9a_,67.0,455
d5og9b_,67.0,454
d4u54a_,67.0,425
d4zdua_,67.0,421
d5k9sa_,67.0,425
d5svza_,67.0,426
d5w41a_,67.0,426
d6wx7a_,67.0,426
d5umzb_,67.0,426
d6d7nb_,67.0,425
d7jjmb_,67.0,422
d7jk7b_,67.0,425
d5fc8e_,67.0,427
d6bvte_,67.0,426
d6bw0e_,67.0,426
d6bw1e_,67.0,426
d7l04e_,67.0,426
d2h4ma_,67.0,860
d2qmra_,67.0,885
d2z5ka_,67.0,886
d4fq3a_,67.0,885
d5tqca_,67.0,863
d5yvha_,67.0,861
d5yvia_,67.0,863
d7cyla_,67.0,862
d2c1ma_,67.0,424
d3zina_,67.0,426
d1iala_,67.0,453
d3knda_,67.0,428
d3l3qa_,67.0,427
d3tpma_,67.0,422
d4oiha_,67.0,426
d4u58a_,67.0,426
d4u5la_,67.0,426
d4u5na_,67.0,426
d4u5oa_,67.0,426
d4u5sa_,67.0,426
d4u5ua_,67.0,426
d4u5va_,67.0,426
d5ctta_,67.0,426
d5gxwa_,67.0,428
d6iu7a_,67.0,422
d6iuaa_,67.0,422
d2h4mb_,67.0,860
d2qmrb_,67.0,861
d1pjmb_,67.0,427
d1pjnb_,67.0,426
d3ukyb_,67.0,427
d3ukzb_,67.0,427
d3ul0b_,67.0,426
d3ul1b_,67.0,426
d4uafb_,67.0,425
d1qbkb_,67.0,888
d2qmrc_,67.0,886
d3btrc_,67.0,427
d1iq1c_,67.0,426
d1q1tc_,67.0,427
d1y2ac_,67.0,423
d4yi0c_,67.0,425
d5d5kc_,67.0,424
d6iw8c_,67.0,422
d6iwac_,67.0,427
d6k06c_,67.0,422
d1q1sc1,67.0,428
d2qmrd_,67.0,884
d5hhge_,67.0,427
d1ejli_,67.0,426
d1ejyi_,67.0,426
d4p6zb_,67.0,570
d1oyza_,67.0,276
d3mx3a_,67.0,472
d3mx3b_,67.0,472
d4lcta1,67.0,293
d4lctb1,67.0,293
d4lctc1,67.0,293
d4lctd1,67.0,293
d6wk3a_,66.0,145
d6wk3b_,66.0,142
d6wk3c_,66.0,145
d6wk3d1,66.0,145
d2ksca_,66.0,123
d4i0va_,66.0,123
d4l2ma_,66.0,123
d4maxa_,66.0,123
d4i0vb_,66.0,123
d4l2mb_,66.0,123
d4maxb_,66.0,123
d4i0vc_,66.0,123
d4maxc_,66.0,123
d5vlxa_,66.0,137
d3bcqa_,66.0,142
d5vlxb_,66.0,137
d3bcqc_,66.0,142
d4lmsb_,66.0,162
d4lmsd_,66.0,163
d7cb0a2,66.0,291
d7cb2a2,66.0,291
d7cb5a2,66.0,291
d7cb6a2,66.0,291
d7cb0b2,66.0,291
d7cb2b2,66.0,291
d7cb6b2,66.0,291
d7cb5b2,66.0,292
d7cb0c2,66.0,291
d7cb2c2,66.0,291
d7cb5c2,66.0,291
d7cb6c2,66.0,291
d7cb0d2,66.0,290
d7cb2d2,66.0,291
d7cb6d2,66.0,291
d7cb5d2,66.0,292
d3wc3a1,66.0,434
d3eqaa_,66.0,458
d6frva_,66.0,467
d1n4pb_,66.0,346
d1n4qb_,66.0,346
d1n4rb_,66.0,346
d1n4sb_,66.0,346
d1s64b_,66.0,346
d1tnbb_,66.0,346
d1tnob_,66.0,346
d1tnub_,66.0,346
d1tnyb_,66.0,346
d1tnzb_,66.0,346
d6j6xb_,66.0,310
d6j7xb_,66.0,327
d6o60b_,66.0,323
d1n4pd_,66.0,346
d1n4qd_,66.0,346
d1n4rd_,66.0,346
d1n4sd_,66.0,346
d1s64d_,66.0,346
d1tnbd_,66.0,346
d1tnod_,66.0,346
d1tnud_,66.0,346
d1tnyd_,66.0,346
d1tnzd_,66.0,346
d1n4pf_,66.0,346
d1n4qf_,66.0,346
d1n4rf_,66.0,346
d1n4sf_,66.0,346
d1s64f_,66.0,346
d1tnbf_,66.0,346
d1tnof_,66.0,346
d1tnuf_,66.0,346
d1tnyf_,66.0,346
d1tnzf_,66.0,346
d1n4ph_,66.0,346
d1n4qh_,66.0,346
d1n4rh_,66.0,346
d1n4sh_,66.0,346
d1s64h_,66.0,346
d1tnbh_,66.0,346
d1tnoh_,66.0,346
d1tnuh_,66.0,346
d1tnyh_,66.0,346
d1tnzh_,66.0,346
d1n4pj_,66.0,346
d1n4qj_,66.0,346
d1n4rj_,66.0,346
d1n4sj_,66.0,346
d1s64j_,66.0,346
d1tnbj_,66.0,346
d1tnoj_,66.0,346
d1tnuj_,66.0,346
d1tnyj_,66.0,346
d1tnzj_,66.0,346
d1n4pl_,66.0,346
d1n4ql_,66.0,346
d1n4rl_,66.0,346
d1n4sl_,66.0,346
d1s64l_,66.0,346
d1tnbl_,66.0,346
d1tnol_,66.0,346
d1tnul_,66.0,346
d1tnyl_,66.0,346
d1tnzl_,66.0,346
d1csca_,66.0,433
d2csca_,66.0,433
d3csca_,66.0,433
d4csca_,66.0,433
d5csca_,66.0,433
d5ctsa_,66.0,433
d6ctsa_,66.0,433
d5cscb_,66.0,429
d6fyja_,66.0,418
d4i8va_,66.0,477
d6dwma_,66.0,478
d6dwna_,66.0,476
d6o5ya_,66.0,477
d6udla_,66.0,477
d6udma_,66.0,476
d3k9va_,66.0,464
d3k9ya_,66.0,461
d3ofta_,66.0,396
d3ofua_,66.0,396
d2x9pa_,66.0,393
d2xbka_,66.0,391
d5foia1,66.0,388
d6dwmb_,66.0,476
d6dwnb_,66.0,477
d6o5yb_,66.0,476
d6udlb_,66.0,477
d6udmb_,66.0,476
d5foib_,66.0,388
d3k9vb_,66.0,464
d3k9yb_,66.0,462
d3oftb_,66.0,396
d3ofub_,66.0,396
d4i8vb1,66.0,478
d4i8vc_,66.0,476
d6dwmc_,66.0,475
d6dwnc_,66.0,475
d6o5yc_,66.0,477
d6udlc_,66.0,477
d6udmc_,66.0,476
d3oftc_,66.0,396
d3ofuc_,66.0,396
d4i8vd_,66.0,476
d6dwmd_,66.0,474
d6dwnd_,66.0,475
d6o5yd_,66.0,474
d6udld_,66.0,477
d6udmd_,66.0,476
d3ofud_,66.0,396
d3ofue_,66.0,396
d3ofuf_,66.0,396
d2bz9a_,66.0,448
d2ci0a_,66.0,447
d2ciba_,66.0,445
d2vkua_,66.0,445
d2w09a_,66.0,446
d2w0aa_,66.0,448
d2w0ba_,66.0,447
d1e9xa_,66.0,449
d1ea1a_,66.0,447
d1h5za_,66.0,449
d1u13a_,66.0,448
d1x8va_,66.0,448
d2x7ya_,66.0,455
d2x80a_,66.0,455
d3dgia_,66.0,453
d4hgfa_,66.0,455
d4hgga_,66.0,453
d4hgha_,66.0,455
d4hgia_,66.0,455
d4hgja_,66.0,453
d4zf6a_,66.0,460
d4zf8a_,66.0,460
d4zfba_,66.0,460
d5e78a_,66.0,453
d5e7ya_,66.0,451
d5e9za_,66.0,454
d6iaoa_,66.0,455
d4rsna1,66.0,456
d2bz9b_,66.0,448
d2x7yb_,66.0,455
d2x80b_,66.0,455
d3dgib_,66.0,453
d4hgfb_,66.0,454
d4hggb_,66.0,453
d4hghb_,66.0,455
d4hgib_,66.0,453
d4hgjb_,66.0,451
d5e78b_,66.0,454
d5e7yb_,66.0,452
d5e9zb_,66.0,451
d6iaob_,66.0,452
d4rsnb1,66.0,456
d5e9zc1,66.0,457
d6iaoc1,66.0,458
d5e9zd_,66.0,454
d6iaod_,66.0,455
d4xria_,66.0,865
d6d7mb_,66.0,424
d1qgka_,66.0,876
d1qgra_,66.0,876
d2p8qa_,66.0,873
d2q5da_,66.0,876
d3lwwa_,66.0,873
d3w5ka_,66.0,862
d1ukla_,66.0,876
d2q5db_,66.0,876
d1uklb_,66.0,876
d3lwwc_,66.0,873
d2vgla_,66.0,600
d6qh5a_,66.0,600
d6uria_,66.0,611
d4uqia_,66.0,600
d3ltla_,66.0,191
d3ltlb_,66.0,186
d4ydea_,66.0,303
d4ydoa_,66.0,303
d1byta2,66.0,690
d1hu9a1,66.0,690
d1ik3a1,66.0,690
d1jnqa1,66.0,690
d1lnha1,66.0,690
d1n8qa1,66.0,690
d1no3a1,66.0,690
d1rova1,66.0,690
d1rrha1,66.0,690
d1rrla1,66.0,690
d1rrlb1,66.0,690
d3p88a_,66.0,229
d3p89a_,66.0,225
d2qfna_,65.0,137
d3kuoa_,65.0,137
d2qfnb_,65.0,137
d3kuob_,65.0,137
d5zhba_,65.0,389
d3qpfa_,65.0,426
d3qrya_,65.0,426
d3qspa_,65.0,426
d5zhbb_,65.0,389
d3qpfb_,65.0,426
d3qryb_,65.0,426
d3qspb_,65.0,426
d1kkta_,65.0,475
d1krea_,65.0,475
d1krfa_,65.0,475
d2ri8a_,65.0,475
d2ri9a_,65.0,475
d1kktb_,65.0,475
d1kreb_,65.0,475
d1krfb_,65.0,475
d2ri8b_,65.0,475
d2ri9b_,65.0,475
d1vgpa_,65.0,373
d5liea_,65.0,406
d5li6a_,65.0,406
d5li7a_,65.0,406
d5li8a_,65.0,409
d6hqwa_,65.0,405
d5lieb_,65.0,405
d5li6b_,65.0,406
d5li7b_,65.0,406
d4duca_,65.0,456
d4duda_,65.0,456
d4duea_,65.0,455
d4dufa_,65.0,456
d4ducb_,65.0,456
d4dudb_,65.0,456
d4dueb_,65.0,455
d4dufb_,65.0,456
d4dufc_,65.0,456
d4dufd_,65.0,456
d1ho8a_,65.0,477
d3j9tp_,65.0,478
d1zb1a_,65.0,367
d1zb1b_,65.0,367
d3ry9a_,65.0,249
d1zgya_,65.0,272
d2atha_,65.0,271
d2f4ba_,65.0,271
d2fvja_,65.0,271
d2hwqa_,65.0,271
d2hwra_,65.0,271
d2qmva_,65.0,270
d2yfea_,65.0,275
d3adsa_,65.0,274
d3adta_,65.0,274
d3adua_,65.0,274
d3adva_,65.0,274
d3adwa_,65.0,274
d3adxa_,65.0,274
d3cdpa_,65.0,270
d3cdsa_,65.0,270
d3cwda_,65.0,270
d3fura_,65.0,272
d3gbka_,65.0,271
d4a4va_,65.0,275
d4a4wa_,65.0,275
d6lita_,65.0,198
d4jaca_,64.0,137
d5vtsa_,64.0,137
d4jacb_,64.0,137
d5vtsb_,64.0,137
d3gt5a1,64.0,389
d1ayxa_,64.0,492
d2f6da_,64.0,492
d2fbaa_,64.0,492
d1cema_,64.0,363
d1is9a_,64.0,363
d6k5va_,64.0,433
d6k5vb_,64.0,430
d6k5vc_,64.0,433
d6k5vd_,64.0,430
d6k5ve_,64.0,430
d6k5vf_,64.0,432
d5xnta_,64.0,405
d6blda_,64.0,414
d3p3xa_,64.0,397
d4r20a_,64.0,441
d4r21a_,64.0,442
d3p3oa1,64.0,406
d3p3za1,64.0,406
d2zbza1,64.0,403
d5x7ea1,64.0,403
d3cv8a1,64.0,400
d2zbxa1,64.0,399
d2zbya1,64.0,399
d3cv9a1,64.0,399
d3ejbb_,64.0,386
d3ejdb_,64.0,386
d3ejeb_,64.0,386
d3p3xb_,64.0,399
d4r21b_,64.0,441
d4r20b1,64.0,443
d3ejbd_,64.0,389
d3ejdd_,64.0,389
d3ejed_,64.0,389
d3ejbf_,64.0,385
d3ejdf_,64.0,386
d3ejef_,64.0,386
d3ejbh_,64.0,388
d3ejdh_,64.0,387
d3ejeh_,64.0,389
d3cbda_,64.0,455
d3hf2a_,64.0,451
d3m4va_,64.0,451
d5jq2a_,64.0,457
d5jqua_,64.0,455
d5jqva_,64.0,454
d5jtda_,64.0,458
d5xa3a_,64.0,453
d5xhja_,64.0,453
d5zisa_,64.0,452
d1bu7a_,64.0,455
d1bvya_,64.0,439
d1faga_,64.0,455
d1faha_,64.0,455
d1jmea_,64.0,453
d1jpza_,64.0,458
d1p0va_,64.0,453
d1p0wa_,64.0,453
d1p0xa_,64.0,453
d1smia_,64.0,456
d1smja_,64.0,455
d1yqoa_,64.0,453
d1yqpa_,64.0,453
d1zo4a_,64.0,456
d1zo9a_,64.0,458
d1zoaa_,64.0,457
d2bmha_,64.0,455
d2hpda_,64.0,457
d2ij2a_,64.0,453
d2ij3a_,64.0,453
d2ij4a_,64.0,456
d2j1ma_,64.0,454
d2j4sa_,64.0,455
d2nnba_,64.0,453
d3bena_,64.0,454
d3ekba_,64.0,456
d3ekda_,64.0,457
d3ekfa_,64.0,456
d3kx4a_,64.0,453
d3kx5a_,64.0,455
d3psxa_,64.0,452
d3wspa_,64.0,453
d4duaa_,64.0,457
d4duba_,64.0,456
d4kpba_,64.0,454
d4zfaa_,64.0,460
d5b2ua_,64.0,453
d5b2va_,64.0,453
d5b2wa_,64.0,452
d5b2xa_,64.0,453
d5b2ya_,64.0,452
d5dypa_,64.0,454
d5dyza_,64.0,455
d6jlva_,64.0,455
d6jmha_,64.0,455
d6jmwa_,64.0,456
d6jo1a_,64.0,453
d6js8a_,64.0,455
d6jvca_,64.0,454
d6jzsa_,64.0,453
d6k24a_,64.0,455
d6k3qa_,64.0,453
d6k58a_,64.0,455
d6k9sa_,64.0,455
d6l1aa_,64.0,454
d6l1ba_,64.0,454
d1pq2a_,64.0,463
d2nnha_,64.0,463
d2nnia_,64.0,463
d2nnja_,64.0,463
d4kpaa1,64.0,459
d6a7ja1,64.0,406
d2vn0a2,64.0,463
d3cbdb_,64.0,455
d3hf2b_,64.0,451
d3m4vb_,64.0,451
d5jq2b_,64.0,459
d5jqub_,64.0,453
d5jqvb_,64.0,454
d5jtdb_,64.0,458
d5xa3b_,64.0,453
d5xhjb_,64.0,453
d5zisb_,64.0,449
d1bu7b_,64.0,455
d1bvyb_,64.0,438
d1fagb_,64.0,455
d1fahb_,64.0,455
d1jmeb_,64.0,453
d1jpzb_,64.0,458
d1p0vb_,64.0,453
d1p0wb_,64.0,453
d1p0xb_,64.0,453
d1smib_,64.0,457
d1smjb_,64.0,455
d1yqob_,64.0,453
d1yqpb_,64.0,453
d1zo4b_,64.0,457
d1zo9b_,64.0,458
d1zoab_,64.0,457
d2bmhb_,64.0,455
d2hpdb_,64.0,457
d2ij2b_,64.0,457
d2ij3b_,64.0,454
d2ij4b_,64.0,457
d2j1mb_,64.0,454
d2j4sb_,64.0,455
d2nnbb_,64.0,453
d3benb_,64.0,457
d3ekbb_,64.0,457
d3ekdb_,64.0,457
d3ekfb_,64.0,457
d3kx4b_,64.0,454
d3kx5b_,64.0,455
d3psxb_,64.0,452
d3wspb_,64.0,453
d4duab_,64.0,457
d4dubb_,64.0,456
d4kpbb_,64.0,455
d5b2ub_,64.0,453
d5b2vb_,64.0,453
d5b2wb_,64.0,452
d5b2xb_,64.0,453
d5b2yb_,64.0,452
d6jlvb_,64.0,455
d6jmhb_,64.0,455
d6jmwb_,64.0,456
d6jo1b_,64.0,453
d6js8b_,64.0,454
d6k24b_,64.0,455
d6k3qb_,64.0,453
d6k58b_,64.0,454
d6k9sb_,64.0,455
d6l1ab_,64.0,454
d6l1bb_,64.0,454
d1pq2b_,64.0,463
d2nnhb_,64.0,463
d5jquc_,64.0,455
d5jqvc_,64.0,455
d5xa3c_,64.0,453
d5zisc_,64.0,452
d1fagc_,64.0,455
d1smjc_,64.0,455
d5dypc_,64.0,456
d5dyzc_,64.0,454
d6jvcc_,64.0,455
d6jzsc_,64.0,453
d5jqud_,64.0,455
d5jqvd_,64.0,455
d5xa3d_,64.0,453
d5zisd_,64.0,451
d1fagd_,64.0,455
d1smjd_,64.0,454
d5jque_,64.0,454
d5jqve_,64.0,454
d5jquf_,64.0,456
d5jqvf_,64.0,456
d5jqug_,64.0,454
d5jqvg_,64.0,454
d5jquh_,64.0,454
d5jqvh_,64.0,454
d5aa6a_,64.0,596
d5aa6b_,64.0,597
d5aa6c_,64.0,596
d5aa6d_,64.0,596
d5aa6e_,64.0,596
d5aa6f_,64.0,596
d3iuga1,64.0,202
d3iugb_,64.0,202
d3k49a_,64.0,361
d3q7ja4,64.0,291
d4fkea4,64.0,330
d4fkha4,64.0,330
d4fkka4,64.0,330
d4h5ha4,64.0,330
d4hola4,64.0,330
d4homa4,64.0,330
d4naqa4,64.0,330
d4nz8a4,64.0,330
d4ou3a4,64.0,330
d5ldsa4,64.0,330
d5lg6a4,64.0,330
d5z65a4,64.0,330
d6buya4,64.0,330
d6bv0a4,64.0,330
d6bv1a4,64.0,330
d6bv2a4,64.0,330
d6bv3a4,64.0,330
d6bv4a4,64.0,330
d3q7jb4,64.0,291
d5ldsb4,64.0,330
d5lg6b4,64.0,330
d3k49c_,64.0,361
d5ldsc4,64.0,330
d5ldsd4,64.0,330
d3k49e_,64.0,361
d6urib_,64.0,570
d2pf4a_,64.0,575
d3fgaa_,64.0,583
d2pf4b_,64.0,575
d2pf4c_,64.0,577
d2pf4d_,64.0,577
d1z1wa4,64.0,291
d1z5ha4,64.0,291
d1z5hb4,64.0,291
d3pjaa_,64.0,217
d3qb5a_,64.0,217
d4jhfa_,64.0,217
d4wyva_,64.0,217
d1j1ja_,64.0,217
d1keya_,64.0,218
d3pjab_,64.0,217
d3qb5b_,64.0,218
d4jhfb_,64.0,217
d4wyvb_,64.0,217
d1j1jb_,64.0,217
d1keyb1,64.0,218
d3pjac_,64.0,219
d3qb5c_,64.0,218
d4wyvc_,64.0,216
d1j1jc_,64.0,217
d1keyc_,64.0,217
d4jhfc1,64.0,216
d3pjad_,64.0,217
d1j1jd_,64.0,217
d1keyd_,64.0,216
d4wyvd1,64.0,216
d4jhfd1,64.0,217
d3pjae_,64.0,218
d4jhfe1,64.0,217
d4wyve1,64.0,217
d3pjaf_,64.0,219
d4wyvf_,64.0,217
d4jhff1,64.0,217
d3pjag_,64.0,218
d4jhfg_,64.0,217
d4wyvg1,64.0,217
d3pjah_,64.0,216
d4jhfh_,64.0,216
d4wyvh1,64.0,217
d3pjai_,64.0,218
d2r09a1,64.0,190
d2r0da1,64.0,190
d2r09b1,64.0,190
d2r0db1,64.0,190
d6zfga_,64.0,240
d5f74a_,64.0,231
d5wfua_,64.0,234
d5wfxa_,64.0,233
d6zfda1,64.0,240
d2o8pa1,64.0,220
d6zfdb_,64.0,240
d5wfub_,64.0,233
d5wfxb_,64.0,231
d6zfgb1,64.0,240
d5wfuc_,64.0,233
d5wfud_,64.0,234
d2oewa_,64.0,358
d6kp3a_,64.0,357
d4g23a1,64.0,205
d4g24a1,64.0,205
d4g25a1,64.0,205
d4g26a1,64.0,205
d6bv5a1,64.0,205
d6bv6a1,64.0,205
d6bv8a1,64.0,205
d6bv9a1,64.0,205
d4cr2s1,64.0,257
d1y9ra_,64.0,247
d1ya3a_,64.0,246
d2abia_,64.0,246
d2oaxa_,64.0,245
d2vsra_,64.0,269
d2vsta_,64.0,272
d2vv0a_,64.0,273
d2vv1a_,64.0,270
d2vv2a_,64.0,268
d2vv3a_,64.0,269
d2vv4a_,64.0,271
d4r06a_,64.0,270
d3vw5a_,63.0,389
d3vxda_,63.0,397
d3wuxa_,63.0,397
d3vw5b_,63.0,389
d3vxdb_,63.0,398
d3vw5c_,63.0,389
d3vxdc_,63.0,398
d3vxdd_,63.0,398
d4dvqa_,63.0,469
d4fdha_,63.0,469
d6xz8a_,63.0,470
d6xz9a_,63.0,470
d7m8va_,63.0,471
d3awma_,63.0,407
d3awpa_,63.0,407
d3awqa_,63.0,407
d3vm4a_,63.0,407
d3vooa_,63.0,407
d3vtja_,63.0,407
d6m4pa_,63.0,394
d6m4qa_,63.0,394
d4uyla1,63.0,469
d4uyma1,63.0,469
d5frba1,63.0,469
d6cr2a1,63.0,468
d4dvqb_,63.0,469
d4fdhb_,63.0,469
d7m8vb_,63.0,469
d6m4pb_,63.0,394
d6xz8b1,63.0,472
d6xz9b1,63.0,472
d4uylb1,63.0,469
d4uymb1,63.0,469
d6cr2b1,63.0,468
d4dvqc_,63.0,469
d4fdhc_,63.0,469
d6xz8c_,63.0,470
d6xz9c_,63.0,470
d7m8vc_,63.0,469
d4dvqd_,63.0,469
d4fdhd_,63.0,469
d7m8vd_,63.0,469
d7m8ve_,63.0,469
d4dvqe1,63.0,470
d4fdhe1,63.0,470
d7m8vf_,63.0,469
d4dvqf1,63.0,470
d4fdhf1,63.0,470
d4dvqg_,63.0,469
d4fdhg_,63.0,469
d7m8vg_,63.0,468
d4dvqh_,63.0,469
d4fdhh_,63.0,469
d7m8vh_,63.0,469
d4dvqi_,63.0,469
d4fdhi_,63.0,469
d7m8vi_,63.0,468
d4dvqj_,63.0,469
d4fdhj_,63.0,469
d7m8vj_,63.0,468
d4dvqk_,63.0,469
d4fdhk_,63.0,469
d7m8vk_,63.0,469
d4dvql_,63.0,467
d4fdhl_,63.0,467
d7m8vl_,63.0,468
d3npla_,63.0,456
d1ueda_,63.0,403
d3nplb_,63.0,456
d1uedb_,63.0,405
d4uaea_,63.0,417
d5xzxa_,63.0,414
d6bvva_,63.0,416
d6bvza_,63.0,415
d6bw9a_,63.0,416
d6bwaa_,63.0,416
d6bwba_,63.0,416
d6wx8a_,63.0,419
d7jjla_,63.0,412
d6wx8c_,63.0,417
d2nppb1,63.0,388
d2nylb1,63.0,388
d2nymb1,63.0,388
d2nppe1,63.0,388
d2nyle1,63.0,388
d2nyme1,63.0,388
d1klxa_,63.0,133
d3fdha_,63.0,482
d3sgha_,63.0,484
d3sghb_,63.0,484
d3txma1,63.0,285
d3txna1,63.0,285
d3br0a2,63.0,115
d3br0b2,63.0,115
d4ltwa_,63.0,251
d2bawa_,63.0,265
d3d5fa_,63.0,266
d6ln4a_,63.0,222
d4kmwa_,62.0,137
d1or4a_,62.0,169
d1or6a_,62.0,168
d4kmwb_,62.0,137
d1x9fb_,62.0,145
d2gtlb1,62.0,145
d1x9ff_,62.0,145
d2gtlf1,62.0,145
d1x9fj_,62.0,145
d2gtlj1,62.0,145
d1lf6a1,62.0,397
d1lf9a1,62.0,397
d1lf6b1,62.0,397
d1lf9b1,62.0,397
d1gxna_,62.0,323
d1gxoa_,62.0,320
d1gxma1,62.0,323
d1gxmb1,62.0,323
d3msua1,62.0,424
d3msub1,62.0,424
d5uzpa_,62.0,436
d5uzqa_,62.0,434
d5uzra_,62.0,434
d1o7xa_,62.0,367
d5uzpb_,62.0,436
d1o7xb_,62.0,366
d1o7xc_,62.0,370
d5uzrd_,62.0,435
d1o7xd_,62.0,365
d3vnoa_,62.0,407
d5h1za_,62.0,400
d6j85a_,62.0,395
d6j86a_,62.0,396
d6j87a_,62.0,395
d6j88a_,62.0,395
d5cjea_,62.0,390
d5cwea_,62.0,393
d3daxa1,62.0,479
d3sn5a1,62.0,479
d3v8da1,62.0,479
d3sn5b_,62.0,479
d6j85b_,62.0,395
d6j86b_,62.0,396
d6j87b_,62.0,395
d6j88b_,62.0,395
d5cweb_,62.0,393
d3daxb1,62.0,478
d3v8db1,62.0,478
d4rrta_,62.0,464
d5uapa_,62.0,464
d5udaa_,62.0,464
d5wbga_,62.0,464
d1cpta_,62.0,428
d3qoaa1,62.0,464
d3qu8a1,62.0,464
d3ua5a1,62.0,464
d4i91a1,62.0,464
d4rqla1,62.0,464
d5ueca1,62.0,464
d3ibda1,62.0,462
d4rrtb_,62.0,464
d5udab_,62.0,464
d5wbgb_,62.0,465
d3qu8b1,62.0,464
d4rqlb1,62.0,464
d3ua5b1,62.0,463
d5uapb1,62.0,463
d5wbgc_,62.0,465
d3qu8c1,62.0,464
d3qu8d_,62.0,464
d5wbgd_,62.0,465
d5wbge_,62.0,464
d3qu8e1,62.0,464
d3qu8f_,62.0,459
d5wbgf_,62.0,465
d6k1za2,62.0,309
d5hpya_,62.0,203
d5c5sa1,62.0,209
d5c5sb_,62.0,206
d5c5sc_,62.0,208
d5c5sd_,62.0,203
d5hpyd_,62.0,201
d2jdqa_,62.0,424
d3tj3a_,62.0,426
d6wx9a_,62.0,424
d2jdqb_,62.0,426
d3tj3b_,62.0,426
d1f59a_,62.0,440
d1o6oa_,62.0,440
d1o6pa_,62.0,441
d1f59b_,62.0,440
d1o6ob_,62.0,440
d1o6pb_,62.0,441
d1o6oc_,62.0,440
d1b3ua_,62.0,588
d2ie3a_,62.0,581
d2ie4a_,62.0,581
d3k7va_,62.0,581
d3k7wa_,62.0,581
d2pkga1,62.0,579
d2nppa1,62.0,581
d2nyla1,62.0,581
d2nyma1,62.0,581
d3dw8a2,62.0,581
d4i5la1,62.0,581
d4i5na1,62.0,581
d1b3ub_,62.0,588
d2pkgb1,62.0,579
d2nppd1,62.0,581
d2nyld1,62.0,581
d2nymd1,62.0,581
d3dw8d2,62.0,581
d4i5ld1,62.0,581
d4i5nd1,62.0,581
d2wzka1,62.0,375
d4jghd1,62.0,377
d4jmia1,62.0,190
d4jmoa1,62.0,191
d4jwla1,62.0,192
d4jxha1,62.0,194
d4l5ma1,62.0,194
d4z21a_,62.0,196
d1pbva_,62.0,195
d1r8me_,62.0,196
d1r8qe_,62.0,191
d1r8re_,62.0,193
d1s9de_,62.0,193
d1r8qf_,62.0,194
d2v7da_,62.0,232
d2c1ja_,62.0,230
d2c1na_,62.0,230
d1a37a_,62.0,228
d1a38a_,62.0,228
d1a4oa_,62.0,228
d14psa_,62.0,230
d1ib1a_,62.0,227
d1qjaa_,62.0,230
d1qjba_,62.0,232
d2o02a_,62.0,230
d3cu8a_,62.0,229
d3nkxa_,62.0,229
d6fn9a_,62.0,229
d6fnaa_,62.0,230
d6fnba_,62.0,229
d6fnca_,62.0,230
d6u2ha_,62.0,230
d3rdha1,62.0,230
d2v7db_,62.0,231
d2c1jb_,62.0,230
d2c1nb_,62.0,230
d1a37b_,62.0,228
d1a38b_,62.0,228
d1a4ob_,62.0,228
d14psb_,62.0,232
d1ib1b_,62.0,227
d1qjab_,62.0,229
d1qjbb_,62.0,232
d2o02b_,62.0,230
d3cu8b_,62.0,230
d3nkxb_,62.0,230
d6fn9b_,62.0,230
d6fnab_,62.0,229
d6fnbb_,62.0,230
d6fncb_,62.0,230
d6u2hb1,62.0,229
d3rdhb1,62.0,230
d2v7dc_,62.0,231
d1a4oc_,62.0,228
d1ib1c_,62.0,227
d3rdhc1,62.0,230
d2v7dd_,62.0,232
d1a4od_,62.0,228
d1ib1d_,62.0,227
d3rdhd1,62.0,230
d1szaa1,62.0,140
d1sz9a1,62.0,139
d1sz9b1,62.0,139
d1szab1,62.0,137
d1sz9c1,62.0,139
d1szac1,62.0,139
d2bf0x_,62.0,131
d4udba_,62.0,247
d6j1la_,62.0,222
d6j1lb_,62.0,222
d6j1lc_,62.0,219
d2a3ia_,62.0,253
d2aa2a_,62.0,257
d2aa5a_,62.0,261
d2aa6a_,62.0,261
d2aa7a_,62.0,257
d2aaxa_,62.0,262
d2ab2a_,62.0,260
d2jj3a_,62.0,239
d3beja_,62.0,227
d3dcta_,62.0,229
d3dcua_,62.0,229
d3vhua_,62.0,255
d3wffa_,62.0,258
d3wfga_,62.0,249
d4pf3a_,62.0,249
d4udaa_,62.0,246
d5hcva_,62.0,245
d5l7ea_,62.0,248
d5l7ga_,62.0,248
d6gg8a_,62.0,248
d6ggga_,62.0,235
d6l88a_,62.0,221
d3flia_,62.0,228
d3hc5a_,62.0,229
d3ruua_,62.0,229
d5icka_,62.0,229
d1l2ja_,62.0,241
d1ndea_,62.0,240
d1qkma_,62.0,241
d1u3qa_,62.0,235
d1u3ra_,62.0,238
d1ew6a_,61.0,137
d1ewaa_,61.0,137
d2qfka_,61.0,137
d3dr9a_,61.0,137
d3kuna_,61.0,137
d3lb1a_,61.0,137
d3lb2a_,61.0,137
d3lb3a_,61.0,137
d3lb4a_,61.0,137
d3moua_,61.0,137
d3oj1a_,61.0,137
d3ok5a_,61.0,137
d3orda_,61.0,137
d4dwta_,61.0,137
d4dwua_,61.0,137
d4fh6a_,61.0,137
d4fh7a_,61.0,137
d4gzga_,61.0,137
d4ilza_,61.0,137
d4jyqa_,61.0,137
d5v5ra_,61.0,137
d1ew6b_,61.0,137
d1ewab_,61.0,137
d2qfkb_,61.0,137
d3dr9b_,61.0,137
d3kunb_,61.0,137
d3lb1b_,61.0,137
d3lb2b_,61.0,137
d3lb3b_,61.0,137
d3lb4b_,61.0,137
d3moub_,61.0,137
d3oj1b_,61.0,137
d3ok5b_,61.0,137
d3ordb_,61.0,137
d4dwtb_,61.0,137
d4dwub_,61.0,137
d4fh6b_,61.0,137
d4fh7b_,61.0,137
d4gzgb_,61.0,137
d4ilzb_,61.0,137
d4jyqb_,61.0,137
d5v5rb_,61.0,137
d6g00a_,61.0,393
d6g09a_,61.0,392
d6g0ba_,61.0,393
d6g0na_,61.0,392
d5gxxa1,61.0,442
d5gxya1,61.0,442
d5gxza1,61.0,442
d5gy0a1,61.0,442
d5gy1a1,61.0,442
d5gxxb1,61.0,442
d5gxyb1,61.0,442
d5gxzb1,61.0,442
d5gy0b1,61.0,442
d5gy1b1,61.0,442
d6vc5a1,61.0,312
d2jg0a_,61.0,511
d2jjba_,61.0,512
d2wyna_,61.0,512
d2jf4a1,61.0,511
d2jjbb_,61.0,510
d2wynb_,61.0,515
d2jjbc_,61.0,508
d2wync_,61.0,509
d2jjbd_,61.0,512
d2wynd_,61.0,514
d5uqsa_,61.0,434
d1vgma_,61.0,376
d1ctsa_,61.0,437
d2ctsa_,61.0,437
d3enja_,61.0,437
d4ctsa_,61.0,437
d1vgmb_,61.0,376
d4ctsb_,61.0,437
d5uqsc_,61.0,434
d4oqsa_,61.0,391
d3r9ba_,61.0,400
d3r9ca_,61.0,400
d3nv5a_,61.0,404
d3nv6a_,61.0,404
d4dxya_,61.0,406
d4mm0a_,61.0,392
d6a17a_,61.0,444
d6a18a_,61.0,443
d6a15a1,61.0,444
d3r9bb_,61.0,400
d4mm0b_,61.0,394
d3r9bc_,61.0,400
d5edta_,61.0,395
d1n40a_,61.0,395
d1n4ga_,61.0,394
d2ij5a_,61.0,392
d2ij7a_,61.0,391
d3cxva_,61.0,395
d3cxxa_,61.0,395
d3cxya_,61.0,393
d3cxza_,61.0,395
d3cy0a_,61.0,395
d3cy1a_,61.0,395
d3g5fa_,61.0,394
d3g5ha_,61.0,394
d4g1xa_,61.0,395
d4g2ga_,61.0,395
d4g44a_,61.0,395
d4g45a_,61.0,395
d4g46a_,61.0,395
d4g47a_,61.0,395
d4g48a_,61.0,395
d4icta_,61.0,394
d4ipsa_,61.0,394
d4ipwa_,61.0,394
d4iq7a_,61.0,394
d4iq9a_,61.0,394
d4ktfa_,61.0,393
d4ktja_,61.0,394
d4ktka_,61.0,395
d4ktla_,61.0,394
d5ibda_,61.0,394
d5ibea_,61.0,394
d5ibfa_,61.0,393
d5ibga_,61.0,390
d5ibha_,61.0,393
d5ibia_,61.0,393
d5ibja_,61.0,393
d5op9a_,61.0,394
d5wp2a_,61.0,395
d6rq0a_,61.0,394
d6rq1a_,61.0,394
d6rq3a_,61.0,394
d6rq5a_,61.0,394
d6rq6a_,61.0,393
d6rq8a_,61.0,394
d6rq9a_,61.0,394
d6rqba_,61.0,393
d6rqda_,61.0,393
d6rqea_,61.0,393
d6te7a_,61.0,391
d6teta_,61.0,392
d6teva_,61.0,391
d6upga_,61.0,395
d6upia_,61.0,395
d5o4ka_,61.0,394
d5o4la_,61.0,394
d5opaa_,61.0,393
d6geoa_,61.0,394
d6geqa_,61.0,395
d2ij5b_,61.0,393
d2ij7b_,61.0,391
d2ij5c_,61.0,394
d2ij7c_,61.0,391
d2ij5d_,61.0,391
d2ij7d_,61.0,391
d2ij5e_,61.0,393
d2ij7e_,61.0,391
d2ij5f_,61.0,391
d2ij7f_,61.0,391
d1dg3a1,61.0,300
d1f5na1,61.0,300
d3ifqa_,61.0,548
d1gcja1,61.0,449
d3ifqb_,61.0,548
d1ibrb_,61.0,458
d1gcjb1,61.0,449
d1ibrd_,61.0,438
d1m5ns_,61.0,485
d4cr2z1,61.0,542
d3pkra_,61.0,219
d3uswa_,61.0,219
d3pl4a1,61.0,221
d3usya1,61.0,221
d3usyb1,61.0,220
d3pl4b1,61.0,221
d4a64a1,61.0,346
d4a64b1,61.0,346
d1xt0b1,61.0,200
d2bq0a_,61.0,230
d2c23a_,61.0,230
d4dnka_,61.0,232
d6gn8a_,61.0,232
d6gnka_,61.0,232
d2bq0b_,61.0,231
d4dnkb_,61.0,234
d6gn8b_,61.0,230
d6gnkb_,61.0,230
d4f53a_,61.0,498
d4mrua_,61.0,487
d4f53b_,61.0,498
d4mrub_,61.0,486
d4puca_,61.0,488
d3ck8a_,61.0,515
d3ck9a_,61.0,515
d3ckba_,61.0,511
d3ckca_,61.0,511
d3ck7a1,61.0,510
d4pucb_,61.0,492
d3ck7b_,61.0,511
d3ck8b_,61.0,515
d3ck9b_,61.0,515
d3ckbb_,61.0,511
d3ckcb_,61.0,510
d3ck7c_,61.0,511
d3ck7d_,61.0,512
d4cr2r1,61.0,302
d1mwba_,60.0,123
d1rtxa_,60.0,123
d1s69a_,60.0,123
d1s6aa_,60.0,123
d2hz1a_,60.0,123
d2hz2a_,60.0,123
d2hz3a_,60.0,123
d4hswa_,60.0,137
d4hsxa_,60.0,137
d4kjta_,60.0,137
d4kmva_,60.0,137
d4hswb_,60.0,137
d4hsxb_,60.0,137
d4kjtb_,60.0,137
d4kmvb_,60.0,137
d4lmxb_,60.0,177
d1qgwd_,60.0,177
d1xf6d_,60.0,177
d1xg0d_,60.0,177
d4lmxf_,60.0,176
d4lmxh_,60.0,176
d3w6ua2,60.0,122
d3w6za2,60.0,122
d3ws7a2,60.0,122
d5xvha2,60.0,122
d1agma_,60.0,470
d1doga_,60.0,470
d1gaha_,60.0,471
d1gaia_,60.0,472
d1glma_,60.0,470
d3glya_,60.0,470
d1hcua_,60.0,488
d1hcub_,60.0,489
d1hcuc_,60.0,485
d1hcud_,60.0,486
d1a59a_,60.0,377
d5ncba_,60.0,403
d5omra_,60.0,403
d5omsa_,60.0,403
d5omua_,60.0,402
d6ycha_,60.0,403
d6ycia_,60.0,403
d6ycja_,60.0,403
d6ycka_,60.0,403
d6ycla_,60.0,403
d6ycma_,60.0,402
d4yt3a_,60.0,407
d5ikia_,60.0,406
d2uuqa_,60.0,399
d2wgya_,60.0,400
d2wh8a_,60.0,398
d2whfa_,60.0,399
d3lxha_,60.0,408
d3lxia_,60.0,408
d3tkta_,60.0,427
d4c9ka_,60.0,408
d4c9la_,60.0,408
d4c9ma_,60.0,408
d4c9na_,60.0,408
d4c9oa_,60.0,408
d4c9pa_,60.0,408
d6wgwa_,60.0,408
d6kzsa_,60.0,396
d2z36a1,60.0,398
d2uvna1,60.0,400
d6ueza1,60.0,442
d4yt3b_,60.0,407
d5ikib_,60.0,407
d2uvnb_,60.0,399
d2wh8b_,60.0,398
d3lxhb_,60.0,405
d3lxib_,60.0,407
d4c9kb_,60.0,407
d4c9lb_,60.0,407
d4c9mb_,60.0,407
d4c9nb_,60.0,407
d4c9ob_,60.0,407
d4c9pb_,60.0,407
d6wgwb_,60.0,407
d6uezb1,60.0,442
d2z36b1,60.0,399
d2wh8c_,60.0,398
d2wh8d_,60.0,398
d5x23a_,60.0,463
d5x24a_,60.0,463
d5xxia_,60.0,463
d6vlta_,60.0,463
d6wpla_,60.0,406
d3kx3a_,60.0,456
d1pkfa_,60.0,403
d1q5da_,60.0,401
d1q5ea_,60.0,404
d5a5ia1,60.0,464
d5a5ja1,60.0,464
d1r9oa1,60.0,465
d5w0ca1,60.0,463
d3kx3b_,60.0,456
d6vltb1,60.0,463
d6vltc1,60.0,463
d6vltd1,60.0,463
d6vlte1,60.0,463
d6vltf1,60.0,463
d6vltg_,60.0,463
d6vlth_,60.0,463
d3feyc1,60.0,430
d3wpta_,60.0,422
d5h43a_,60.0,428
d1z3ha1,60.0,958
d4e4va1,60.0,428
d3wptb_,60.0,423
d1z3hb_,60.0,958
d4e4vb1,60.0,428
d1wa5c_,60.0,959
d2vglb_,60.0,579
d1gw5b_,60.0,579
d2jkrb_,60.0,571
d6qh5b_,60.0,579
d2jkre_,60.0,571
d1n54a1,60.0,267
d1h2ua1,60.0,265
d1n52a1,60.0,265
d1h6ka1,60.0,264
d1h6kb1,60.0,265
d1h2ub1,60.0,264
d1h6kc1,60.0,265
d1h2tc1,60.0,262
d1h2vc1,60.0,262
d4a64c_,60.0,339
d4a64d_,60.0,337
d1bc9a_,60.0,200
d4c7pa1,60.0,196
d1xsza1,60.0,196
d1xszb1,60.0,196
d5f5ta_,60.0,215
d5f5ua_,60.0,188
d5f5va_,60.0,201
d5f5tb_,60.0,214
d5f5ud_,60.0,202
d5f5vd_,60.0,201
d5f5ug_,60.0,194
d1jt6a2,60.0,115
d1jtxa2,60.0,115
d1jtya2,60.0,115
d1juma2,60.0,115
d1jupa2,60.0,115
d1jusa2,60.0,115
d1qvta2,60.0,115
d1qvua2,60.0,115
d1rkwa2,60.0,115
d1rpwa2,60.0,115
d2dtza2,60.0,115
d2g0ea2,60.0,115
d2gbya2,60.0,115
d2hq5a2,60.0,115
d3br3a2,60.0,115
d3br5a2,60.0,115
d3bt9a2,60.0,115
d3btca2,60.0,115
d3btia2,60.0,115
d3btja2,60.0,115
d3btla2,60.0,115
d3pm1a2,60.0,115
d1jt0a2,60.0,116
d1jt6b2,60.0,115
d1jtxb2,60.0,115
d1jtyb2,60.0,115
d1jumb2,60.0,115
d1jupb2,60.0,115
d1jusb2,60.0,115
d1qvtb2,60.0,115
d1qvub2,60.0,115
d1rkwb2,60.0,115
d1rpwb2,60.0,115
d2dtzb2,60.0,115
d2g0eb2,60.0,115
d2gbyb2,60.0,115
d2hq5b2,60.0,115
d3br3b2,60.0,115
d3br5b2,60.0,115
d3bt9b2,60.0,115
d3btcb2,60.0,115
d3btib2,60.0,115
d3btjb2,60.0,115
d3btlb2,60.0,115
d3pm1b2,60.0,115
d1jt0b2,60.0,116
d1rpwc2,60.0,115
d1jt0c2,60.0,116
d1jt0d2,60.0,114
d1jt6d2,60.0,115
d1jtxd2,60.0,115
d1jtyd2,60.0,115
d1jumd2,60.0,115
d1jupd2,60.0,115
d1jusd2,60.0,115
d1qvtd2,60.0,115
d1qvud2,60.0,115
d1rkwd2,60.0,115
d1rpwd2,60.0,115
d2dtzd2,60.0,115
d2g0ed2,60.0,115
d2gbyd2,60.0,115
d2hq5d2,60.0,115
d3br5d2,60.0,115
d3bt9d2,60.0,115
d3btcd2,60.0,115
d3btid2,60.0,115
d3btjd2,60.0,115
d3btld2,60.0,115
d2hq5e2,60.0,114
d1jt6e2,60.0,115
d1jtxe2,60.0,115
d1jtye2,60.0,115
d1jume2,60.0,115
d1jupe2,60.0,115
d1juse2,60.0,115
d1qvte2,60.0,115
d1qvue2,60.0,115
d1rkwe2,60.0,115
d2dtze2,60.0,115
d2g0ee2,60.0,115
d2gbye2,60.0,115
d3br5e2,60.0,115
d3bt9e2,60.0,115
d3btce2,60.0,115
d3btie2,60.0,115
d3btje2,60.0,115
d3btle2,60.0,115
d6eu9a_,60.0,235
d6eu9b_,60.0,235
d6eu9c_,60.0,234
d6eu9d_,60.0,235
d2e2ra_,60.0,228
d2zasa_,60.0,227
d2zbsa_,60.0,228
d3okha_,60.0,228
d4oiva_,60.0,226
d6a6ka_,60.0,221
d2nxxa_,60.0,224
d1bina_,59.0,143
d1fsla_,59.0,143
d1binb_,59.0,143
d1fslb_,59.0,143
d3v57b_,59.0,177
d3v58b_,59.0,177
d7liyb_,59.0,177
d7lizb_,59.0,177
d7lixc_,59.0,177
d7liyc_,59.0,177
d7lizc_,59.0,177
d3v57d_,59.0,177
d3v58d_,59.0,177
d7lixd_,59.0,177
d1fp3a_,59.0,402
d1fp3b_,59.0,402
d2d8la_,59.0,363
d1nc5a_,59.0,363
d2gh4a_,59.0,363
d1f1sa1,59.0,371
d1i8qa1,59.0,371
d1lxma1,59.0,371
d1n21a1,59.0,218
d1n1za1,59.0,217
d1n20a1,59.0,217
d1n22a1,59.0,217
d1n24a1,59.0,217
d1n23a1,59.0,216
d1n1ba1,59.0,207
d1n20b1,59.0,210
d1n23b1,59.0,210
d1n1bb1,59.0,209
d1n24b1,59.0,209
d1n22b1,59.0,207
d1n1zb1,59.0,206
d2sqca1,59.0,353
d2sqcb1,59.0,353
d5yhja_,59.0,411
d2p85a_,59.0,464
d3t3sa_,59.0,464
d4ejga_,59.0,464
d4ejha_,59.0,464
d4ejia_,59.0,464
d2xkra_,59.0,395
d5yhjb_,59.0,411
d2p85b_,59.0,464
d3t3sb_,59.0,464
d4ejgb_,59.0,464
d4ejhb_,59.0,464
d2p85c_,59.0,464
d3t3sc_,59.0,464
d4ejgc_,59.0,464
d4ejhc_,59.0,464
d2p85d_,59.0,464
d3t3sd_,59.0,464
d4ejhd_,59.0,464
d4ejgd1,59.0,464
d2p85e_,59.0,464
d3t3se_,59.0,464
d4ejhe_,59.0,464
d4ejge1,59.0,464
d2p85f_,59.0,464
d3t3sf_,59.0,464
d4ejhf_,59.0,464
d4ejgf1,59.0,464
d3t3sg_,59.0,464
d4ejgg_,59.0,463
d4ejhg_,59.0,463
d3t3sh_,59.0,464
d4ejgh_,59.0,463
d4ejhh_,59.0,463
d3msxb_,59.0,192
d3eg5b_,59.0,353
d3eg5d_,59.0,353
d4pj3a2,59.0,397
d1yvpa1,59.0,359
d1yvra1,59.0,359
d2i91a1,59.0,359
d1yvpb1,59.0,360
d2i91b1,59.0,359
d4adya2,59.0,305
d4cr2n2,59.0,305
d1re0b1,59.0,215
d1r8se_,59.0,187
d3ehma_,59.0,510
d3ehna_,59.0,514
d3ehmb_,59.0,510
d3ehnb_,59.0,512
d3cvla_,59.0,317
d3cvna_,59.0,320
d3cvpa_,59.0,313
d3cv0a1,59.0,322
d1loxa1,59.0,551
d2p0ma1,59.0,551
d2p0mb1,59.0,551
d1txia_,59.0,253
d2hama_,59.0,254
d2hara_,59.0,254
d2hasa_,59.0,254
d2hb7a_,59.0,254
d2hb8a_,59.0,254
d2j14a_,59.0,267
d2xyja_,59.0,268
d2xywa_,59.0,267
d2xyxa_,59.0,265
d3a78a_,59.0,255
d3auqa_,59.0,255
d3aura_,59.0,255
d3vhwa_,59.0,255
d4itea_,59.0,255
d4itfa_,59.0,255
d2zfxa_,59.0,252
d2qmba_,58.0,141
d3k8ba_,58.0,141
d6zmxa_,58.0,138
d6zmya_,58.0,139
d1tu9a1,58.0,129
d1cg5b_,58.0,141
d1cg8b_,58.0,141
d2qmbc_,58.0,141
d3k8bc_,58.0,141
d6zmxc_,58.0,138
d6zmyc_,58.0,137
d1b8db_,58.0,177
d1qgwc_,58.0,175
d1xf6c_,58.0,175
d1xg0c_,58.0,175
d4lmxd_,58.0,175
d4lmxj_,58.0,175
d4lmxl_,58.0,175
d1b8dl_,58.0,177
d5x32a_,58.0,392
d4z4ja1,58.0,390
d6f04a1,58.0,389
d5x32b_,58.0,391
d3p2ca_,58.0,445
d3qt3a_,58.0,425
d3qt9a_,58.0,424
d5m7ia_,58.0,425
d5m7ya_,58.0,425
d6rqka_,58.0,425
d2nvpa1,58.0,426
d3p2cb_,58.0,445
d6rqkb_,58.0,424
d1dl2a_,58.0,511
d1g6ia_,58.0,511
d4gaxa1,58.0,206
d4fjqa1,58.0,202
d5c05a1,58.0,204
d5c05b1,58.0,204
d3tqga_,58.0,360
d6abxa_,58.0,370
d6abya1,58.0,370
d3tqgb_,58.0,362
d6abxb_,58.0,370
d6abyb1,58.0,370
d6ro8a_,58.0,413
d4rm4a_,58.0,375
d7ccfa_,58.0,405
d5gwea_,58.0,405
d5xjna_,58.0,403
d4l40a_,58.0,419
d4l54a_,58.0,419
d5m0oa_,58.0,419
d5fyfa_,58.0,422
d5fyga_,58.0,422
d2wv2a_,58.0,448
d3g1qa_,58.0,448
d3gw9a_,58.0,450
d3p99a_,58.0,448
d4g3ja_,58.0,448
d4g7ga_,58.0,448
d5m0na1,58.0,422
d5m0pa1,58.0,422
d3tika1,58.0,446
d5gweb_,58.0,405
d5m0pb_,58.0,421
d5fyfb_,58.0,419
d5fygb_,58.0,419
d3g1qb_,58.0,448
d3gw9b_,58.0,449
d3p99b_,58.0,448
d4g3jb_,58.0,448
d4g7gb_,58.0,448
d3tikb1,58.0,446
d5gwec_,58.0,405
d3g1qc_,58.0,450
d3gw9c_,58.0,449
d3p99c_,58.0,448
d4g3jc_,58.0,448
d4g7gc_,58.0,448
d5m0oc1,58.0,422
d3tikc1,58.0,446
d5gwed_,58.0,403
d3g1qd_,58.0,448
d3gw9d_,58.0,449
d3p99d_,58.0,448
d4g3jd_,58.0,448
d4g7gd_,58.0,448
d3tikd1,58.0,446
d7mk8a_,58.0,473
d1gwia_,58.0,403
d7mk8b_,58.0,473
d1gwib_,58.0,401
d3j9sa1,58.0,214
d1qhda1,58.0,214
d4fyqa4,58.0,331
d4fyra4,58.0,331
d4fyta4,58.0,331
d5lhda4,58.0,331
d6u7ea4,58.0,331
d6u7fa4,58.0,331
d6u7ga4,58.0,331
d5lhdb4,58.0,331
d6u7eb4,58.0,331
d6u7fb4,58.0,331
d6u7gb4,58.0,331
d5lhdc4,58.0,331
d5lhdd4,58.0,331
d1t06a_,58.0,235
d3zboa1,58.0,235
d3zbob_,58.0,235
d1t06b_,58.0,235
d3axja1,58.0,221
d2b1ea_,58.0,557
d2pfva_,58.0,557
d2b7ma1,58.0,551
d4ll6a_,58.0,365
d3mmia_,58.0,342
d3mmib_,58.0,368
d2npma_,58.0,239
d5iqpa_,58.0,230
d5yqga1,58.0,234
d6kzga1,58.0,229
d6kzha1,58.0,229
d2npmb_,58.0,236
d5iqpb_,58.0,230
d5yqgb_,58.0,236
d6kzhb1,58.0,229
d6kzgb1,58.0,230
d5yqgc1,58.0,236
d5yqgd_,58.0,234
d3gzsa_,58.0,495
d5j90a_,58.0,482
d3gzsb_,58.0,495
d5j90b_,58.0,482
d3ejna1,58.0,459
d5ucca_,58.0,135
d2fx0a2,58.0,122
d3b0wa_,58.0,215
d3l0ja_,58.0,243
d3l0la_,58.0,247
d4nb6a_,58.0,221
d4qm0a_,58.0,234
d4wqpa_,58.0,234
d4ypqa_,58.0,243
d4zjra_,58.0,217
d4zjwa_,58.0,219
d4zoma_,58.0,223
d5ayga_,58.0,217
d5c4oa_,58.0,241
d5c4sa_,58.0,241
d5c4ta_,58.0,241
d5c4ua_,58.0,241
d5etha_,58.0,218
d5ixka_,58.0,219
d5k38a_,58.0,227
d5k3la_,58.0,225
d5k3ma_,58.0,222
d5k3na_,58.0,228
d5k6ea_,58.0,226
d5k74a_,58.0,227
d5m96a_,58.0,225
d5ntia_,58.0,245
d5ntka_,58.0,225
d5ntna_,58.0,245
d5ntpa_,58.0,230
d5ntqa_,58.0,234
d5ntwa_,58.0,245
d5nu1a_,58.0,245
d5ufoa_,58.0,225
d5ufra_,58.0,223
d5w4ra_,58.0,214
d5w4va_,58.0,209
d5x8qa_,58.0,228
d5x8sa_,58.0,235
d5x8ua_,58.0,244
d5x8wa_,58.0,244
d5x8xa_,58.0,228
d5za1a_,58.0,230
d6a22a_,58.0,231
d6b30a_,58.0,215
d6b31a_,58.0,228
d6b33a_,58.0,218
d6bn6a_,58.0,228
d6br2a_,58.0,215
d6br3a_,58.0,216
d6cn5a_,58.0,231
d6cn6a_,58.0,230
d6e3ea_,58.0,217
d6e3ga_,58.0,245
d6fzua_,58.0,245
d6g05a_,58.0,245
d6g07a_,58.0,245
d6ivxa_,58.0,227
d6nada_,58.0,221
d6nwta_,58.0,233
d6o98a_,58.0,223
d6q2wa_,58.0,221
d6q6ma_,58.0,226
d6q6oa_,58.0,226
d6q7aa_,58.0,228
d6q7ha_,58.0,225
d6sala_,58.0,242
d6slza_,58.0,219
d6t4ga_,58.0,241
d6t4ia_,58.0,241
d6t4ja_,58.0,241
d6t4ka_,58.0,241
d6t4ta_,58.0,241
d6t4ua_,58.0,240
d6t4wa_,58.0,240
d6t4xa_,58.0,241
d6t4ya_,58.0,241
d6t50a_,58.0,241
d6tlma_,58.0,241
d6tlqa_,58.0,240
d6tlta_,58.0,240
d6ucga_,58.0,241
d6xfva_,58.0,221
d7neca_,58.0,242
d7np5a_,58.0,242
d7np6a_,58.0,242
d7npca_,58.0,240
d5apka1,58.0,222
d6fgqa1,58.0,229
d5lwpa1,58.0,242
d5apha1,58.0,243
d5apja1,58.0,243
d5g42a1,58.0,243
d5g43a1,58.0,243
d5g44a1,58.0,243
d5g45a1,58.0,243
d5g46a1,58.0,243
d5ni5a1,58.0,243
d5ni7a1,58.0,243
d5ni8a1,58.0,243
d5niba1,58.0,243
d6esna1,58.0,243
d6nwsa1,58.0,243
d6r7aa1,58.0,243
d6r7ja1,58.0,243
d6r7ka1,58.0,243
d4ymqa1,58.0,244
d7jtwa1,58.0,244
d6o3za1,58.0,245
d5vb3a1,58.0,249
d5vb5a1,58.0,249
d5vb6a1,58.0,249
d5vb7a1,58.0,249
d5vqka1,58.0,249
d5vqla1,58.0,249
d3b0wb_,58.0,217
d3l0lb_,58.0,248
d4nb6b_,58.0,222
d4wqpb_,58.0,221
d4zjrb_,58.0,220
d4zjwb_,58.0,222
d4zomb_,58.0,222
d5apkb_,58.0,236
d5aygb_,58.0,219
d5ethb_,58.0,221
d5ixkb_,58.0,220
d5k38b_,58.0,226
d5k3lb_,58.0,226
d5k3mb_,58.0,222
d5k3nb_,58.0,226
d5k6eb_,58.0,234
d5k74b_,58.0,227
d5m96b_,58.0,223
d5ntib_,58.0,244
d5ntkb_,58.0,225
d5ntnb_,58.0,244
d5ntqb_,58.0,223
d5ntwb_,58.0,245
d5nu1b_,58.0,245
d5ufrb_,58.0,223
d5w4rb_,58.0,217
d5w4vb_,58.0,209
d5x8sb_,58.0,232
d6b30b_,58.0,212
d6b31b_,58.0,227
d6b33b_,58.0,218
d6br2b_,58.0,212
d6br3b_,58.0,213
d6cn5b_,58.0,231
d6e3eb_,58.0,217
d6e3gb_,58.0,245
d6fgqb_,58.0,214
d6fzub_,58.0,245
d6g05b_,58.0,245
d6g07b_,58.0,245
d6nadb_,58.0,215
d6q2wb_,58.0,220
d6slzb_,58.0,218
d6xfvb_,58.0,221
d7jh2b_,58.0,226
d6o98b1,58.0,222
d6bn6b1,58.0,222
d5za1b1,58.0,223
d4zomc_,58.0,219
d5k3lc_,58.0,226
d5k3nc_,58.0,228
d5ntic_,58.0,245
d5ntnc_,58.0,245
d5ntwc_,58.0,245
d5w4vc_,58.0,206
d5x8qc_,58.0,228
d5x8xc_,58.0,228
d6a22c_,58.0,228
d6g07c_,58.0,246
d6ivxc_,58.0,227
d4zjrc1,58.0,219
d4qm0c1,58.0,243
d6nwtc1,58.0,243
d4zomd_,58.0,215
d5k3ld_,58.0,226
d5k3nd_,58.0,228
d5ntid_,58.0,244
d5ntnd_,58.0,244
d5ntwd_,58.0,245
d5w4vd_,58.0,203
d6g07d_,58.0,245
d4zjrd1,58.0,217
d5w4ve_,58.0,206
d5x8qe_,58.0,228
d5x8xe_,58.0,228
d6a22e_,58.0,228
d6ivxe_,58.0,227
d5w4vf_,58.0,202
d5x8qg_,58.0,228
d5x8xg_,58.0,224
d6a22g_,58.0,228
d6ivxg_,58.0,227
d7d42a_,58.0,226
d6iara_,58.0,237
d3myma_,57.0,137
d3mymb_,57.0,137
d2vjha_,57.0,164
d3v57a_,57.0,164
d3v58a_,57.0,164
d2vjhc_,57.0,164
d3v57c_,57.0,164
d3v58c_,57.0,164
d4xeha2,57.0,145
d4xdza2,57.0,146
d5e4ra2,57.0,146
d5yeqa2,57.0,147
d6bulb2,57.0,146
d4xdzb2,57.0,147
d5yeqb2,57.0,147
d4xwla_,57.0,634
d4xwma_,57.0,630
d4xwna_,57.0,633
d1ia6a_,57.0,431
d1ia7a_,57.0,431
d1rq5a1,57.0,510
d1ut9a1,57.0,511
d1v7va1,57.0,531
d1v7wa1,57.0,531
d1v7xa1,57.0,531
d1cb8a1,57.0,310
d1hm2a1,57.0,310
d1hm3a1,57.0,310
d1hmua1,57.0,310
d1hmwa1,57.0,310
d1gsza2,57.0,271
d1h35a2,57.0,271
d1h36a2,57.0,271
d1h37a2,57.0,271
d1h39a2,57.0,271
d1h3aa2,57.0,271
d1h3ba2,57.0,271
d1h3ca2,57.0,271
d1o6ha2,57.0,271
d1o6qa2,57.0,271
d1o6ra2,57.0,271
d1o79a2,57.0,271
d1sqca2,57.0,271
d1umpa2,57.0,271
d2sqca2,57.0,271
d3sqca2,57.0,271
d1gszb2,57.0,271
d1h35b2,57.0,271
d1h36b2,57.0,271
d1h37b2,57.0,271
d1h39b2,57.0,271
d1h3ab2,57.0,271
d1h3bb2,57.0,271
d1h3cb2,57.0,271
d1o6hb2,57.0,271
d1o6qb2,57.0,271
d1o6rb2,57.0,271
d1o79b2,57.0,271
d1umpb2,57.0,271
d2sqcb2,57.0,271
d3sqcb2,57.0,271
d1gszc2,57.0,271
d1h35c2,57.0,271
d1h36c2,57.0,271
d1h37c2,57.0,271
d1h39c2,57.0,271
d1h3ac2,57.0,271
d1h3bc2,57.0,271
d1h3cc2,57.0,271
d1o6hc2,57.0,271
d1o6qc2,57.0,271
d1o6rc2,57.0,271
d1o79c2,57.0,271
d1umpc2,57.0,271
d3sqcc2,57.0,271
d4e6ya_,57.0,426
d6hqoa_,57.0,402
d6hqsa_,57.0,401
d6ycoa_,57.0,403
d6gmfa_,57.0,397
d3i3ka_,57.0,445
d3jusa_,57.0,445
d3juva_,57.0,448
d3ld6a_,57.0,445
d4uhia_,57.0,442
d2yooa_,57.0,396
d2ve3a_,57.0,435
d2ve4a_,57.0,431
d3zbya1,57.0,400
d4uaxa1,57.0,399
d4tria1,57.0,397
d4uhla1,57.0,442
d6q2ta1,57.0,442
d3i3kb_,57.0,444
d3jusb_,57.0,445
d3ld6b_,57.0,444
d4uhib_,57.0,442
d2yoob_,57.0,395
d4trib_,57.0,400
d2ve3b_,57.0,434
d2ve4b_,57.0,432
d3zbyb1,57.0,400
d4uhlb1,57.0,442
d6q2tb1,57.0,442
d4uhic_,57.0,442
d2yooc_,57.0,395
d3zbyc1,57.0,400
d4uhlc1,57.0,442
d4uhid_,57.0,442
d2yood_,57.0,394
d3zbyd1,57.0,400
d4uhld1,57.0,442
d3zbye1,57.0,400
d4uhle1,57.0,442
d3zbyf1,57.0,400
d4uhlf1,57.0,442
d4uhlg1,57.0,442
d4uhlh1,57.0,442
d6l69a_,57.0,398
d7cl9a_,57.0,398
d1egya_,57.0,403
d1eh0a_,57.0,403
d1eupa_,57.0,403
d1jina_,57.0,403
d1oxaa_,57.0,403
d6a7ia1,57.0,407
d2dkka1,57.0,395
d2nz5a1,57.0,395
d2nzaa1,57.0,395
d6l69b_,57.0,398
d2nz5b1,57.0,395
d2nzab1,57.0,395
d6oyla_,57.0,341
d2d2sa1,57.0,229
d1n4ka1,57.0,167
d4lnza_,57.0,385
d4j5ma_,57.0,390
d4lwzb_,57.0,392
d4lwzd1,57.0,393
d1ywta_,57.0,231
d1yz5a_,57.0,233
d3iqja1,57.0,231
d3iqua1,57.0,231
d3iqva1,57.0,231
d3lw1a1,57.0,231
d3mhra1,57.0,231
d3o8ia1,57.0,231
d3p1na1,57.0,231
d3p1oa1,57.0,231
d3p1pa1,57.0,231
d3p1qa1,57.0,231
d3p1ra1,57.0,231
d3p1sa1,57.0,231
d3t0la1,57.0,231
d3t0ma1,57.0,231
d3u9xa1,57.0,231
d4dhma1,57.0,231
d4dhna1,57.0,231
d4dhoa1,57.0,231
d4dhpa1,57.0,231
d4dhqa1,57.0,231
d4dhra1,57.0,231
d4dhsa1,57.0,231
d4dhta1,57.0,231
d4dhua1,57.0,231
d5oega1,57.0,231
d5oeha1,57.0,231
d6hhpa1,57.0,231
d6qdua1,57.0,231
d6qhla1,57.0,231
d6rl4a1,57.0,231
d6tlfa1,57.0,231
d6tlga1,57.0,231
d6tm7a1,57.0,231
d6w0la1,57.0,231
d6ye9a1,57.0,231
d1ywtb_,57.0,231
d1yz5b_,57.0,231
d6tm7b1,57.0,231
d1kt1a1,57.0,168
d5ganj_,57.0,744
d4xi3a_,57.0,240
d5tn9a_,57.0,241
d5tnba_,57.0,241
d6chwa_,57.0,246
d6df6a_,57.0,241
d6dfna_,57.0,241
d6owca_,57.0,242
d6peta_,57.0,240
d6pfma_,57.0,224
d6woka_,57.0,240
d7msaa_,57.0,240
d4po5a1,56.0,160
d4po5c1,56.0,160
d4po5e1,56.0,160
d5w3ka2,56.0,145
d6vo2a2,56.0,145
d6aqja2,56.0,145
d6c55a2,56.0,145
d6c5na2,56.0,145
d5e4ra3,56.0,138
d5w3kb2,56.0,145
d6vo2b2,56.0,145
d6aqjb2,56.0,145
d6c55b2,56.0,145
d6c5nb2,56.0,145
d4z4la1,56.0,390
d5yj6a_,56.0,636
d1g87a1,56.0,454
d1k72a1,56.0,454
d1kfga1,56.0,454
d1ga2a1,56.0,453
d1g87b1,56.0,455
d1ga2b1,56.0,455
d1k72b1,56.0,455
d1kfgb1,56.0,455
d3n0fa1,56.0,209
d3n0ga1,56.0,203
d2j5ca1,56.0,181
d3n0fb1,56.0,209
d3n0gb1,56.0,203
d2j5cb1,56.0,178
d1gsza1,56.0,349
d1sqca1,56.0,349
d3sqca1,56.0,349
d1h35a1,56.0,350
d1h36a1,56.0,350
d1h37a1,56.0,350
d1h39a1,56.0,350
d1h3aa1,56.0,350
d1h3ba1,56.0,350
d1h3ca1,56.0,350
d1o6ha1,56.0,350
d1o6qa1,56.0,350
d1o6ra1,56.0,350
d1o79a1,56.0,350
d1umpa1,56.0,350
d1gszb1,56.0,349
d3sqcb1,56.0,349
d1h35b1,56.0,350
d1h36b1,56.0,350
d1h37b1,56.0,350
d1h39b1,56.0,350
d1h3ab1,56.0,350
d1h3bb1,56.0,350
d1h3cb1,56.0,350
d1o6hb1,56.0,350
d1o6qb1,56.0,350
d1o6rb1,56.0,350
d1o79b1,56.0,350
d1umpb1,56.0,350
d1gszc1,56.0,349
d3sqcc1,56.0,349
d1h35c1,56.0,350
d1h36c1,56.0,350
d1h37c1,56.0,350
d1h39c1,56.0,350
d1h3ac1,56.0,350
d1h3bc1,56.0,350
d1h3cc1,56.0,350
d1o6hc1,56.0,350
d1o6qc1,56.0,350
d1o6rc1,56.0,350
d1o79c1,56.0,350
d1umpc1,56.0,350
d2noja_,56.0,286
d2wy7a_,56.0,291
d2wy8a_,56.0,292
d3rj3a_,56.0,292
d5nbqa_,56.0,290
d6rmta_,56.0,301
d6rmua_,56.0,299
d3oxua1,56.0,292
d1c3da1,56.0,292
d2xqwa1,56.0,292
d3oeda1,56.0,292
d4onta1,56.0,292
d4zh1a1,56.0,292
d1ghqa1,56.0,305
d1w2sa1,56.0,305
d3d5ra2,56.0,292
d3d5sa2,56.0,292
d4m76a1,56.0,294
d2goxa1,56.0,292
d3oxub_,56.0,300
d3rj3b_,56.0,300
d4ontb_,56.0,297
d4zh1b_,56.0,297
d5nbqb_,56.0,293
d6rmtb_,56.0,298
d6rmub_,56.0,300
d2xqwb1,56.0,292
d3oedb1,56.0,292
d3d5rb2,56.0,292
d3d5sb2,56.0,292
d2a73b7,56.0,306
d2nojc_,56.0,287
d3rj3c_,56.0,292
d4ontc_,56.0,292
d4zh1c_,56.0,291
d5nbqc_,56.0,293
d3oxuc1,56.0,292
d2goxc1,56.0,292
d2noje_,56.0,291
d2nojg_,56.0,290
d5ysma_,56.0,400
d5yswa_,56.0,399
d4oqra_,56.0,391
d3ebsa_,56.0,465
d3t3qa_,56.0,463
d6dcda_,56.0,422
d2rfba_,56.0,341
d2rfca_,56.0,341
d7ao7a_,56.0,401
d7anta_,56.0,402
d4wpza_,56.0,397
d4wq0a_,56.0,397
d4e2pa_,56.0,397
d5xw2a_,56.0,399
d5ex6a_,56.0,393
d3t3qb_,56.0,463
d2rfbb_,56.0,343
d2rfcb_,56.0,341
d7ao7b_,56.0,404
d7antb_,56.0,400
d5ex6b_,56.0,393
d3ebsb1,56.0,464
d3ebsc_,56.0,464
d3t3qc_,56.0,463
d2rfbc_,56.0,341
d2rfcc_,56.0,341
d7ao7c_,56.0,401
d5ex6c_,56.0,393
d3ebsd_,56.0,464
d3t3qd_,56.0,463
d2rfcd_,56.0,341
d7ao7d_,56.0,403
d7ao7e_,56.0,402
d7ao7f_,56.0,399
d6ly4a_,56.0,453
d1cl6a_,56.0,399
d1ehea_,56.0,399
d1f24a_,56.0,399
d1f25a_,56.0,399
d1f26a_,56.0,399
d1geda_,56.0,399
d1geia_,56.0,399
d1geja_,56.0,399
d1jfba_,56.0,399
d1jfca_,56.0,399
d1roma_,56.0,399
d1ulwa_,56.0,399
d1xqda_,56.0,399
d2roma_,56.0,399
d5y5fa_,56.0,400
d5y5ga_,56.0,400
d5y5ha_,56.0,400
d5y5ia_,56.0,399
d5y5ja_,56.0,399
d5y5ka_,56.0,399
d5y5la_,56.0,399
d5y5ma_,56.0,399
d7dvoa_,56.0,399
d5y5ib_,56.0,399
d5y5jb_,56.0,399
d5y5kb_,56.0,399
d5y5lb_,56.0,399
d5y5mb_,56.0,399
d7dvob_,56.0,399
d6eiea1,56.0,479
d3zhpa_,56.0,321
d3zhpb_,56.0,320
d1b89a_,56.0,336
d4d7ra1,56.0,194
d2b05a_,56.0,233
d2c74a_,56.0,235
d4e2ea_,56.0,235
d6t5fa1,56.0,233
d6t80a1,56.0,233
d5ok9a1,56.0,243
d2b05b_,56.0,233
d2c74b_,56.0,234
d6t80b_,56.0,232
d6t5fb1,56.0,234
d5ok9b1,56.0,243
d2b05c_,56.0,233
d6t80c_,56.0,233
d3axyc_,56.0,235
d6t5fc1,56.0,233
d2b05d_,56.0,233
d6t5fd_,56.0,233
d3axyd_,56.0,235
d6t80d1,56.0,233
d2b05e_,56.0,231
d5ok9e1,56.0,243
d2b05f_,56.0,232
d5ok9f1,56.0,242
d3axyi_,56.0,235
d3axyj_,56.0,234
d1hxia_,56.0,112
d1zu2a1,56.0,145
d5o9zg_,56.0,936
d1hz4a_,56.0,366
d5onfa_,56.0,147
d5loza1,56.0,134
d5onfb_,56.0,147
d5onfc_,56.0,147
d5ak2a1,56.0,246
d1xiua_,56.0,221
d1ot7a_,56.0,229
d5w9da_,56.0,244
d6vmua_,56.0,244
d7kbsa_,56.0,244
d7kcda_,56.0,244
d3k3ua_,55.0,137
d3myna_,55.0,137
d3o7na_,55.0,137
d3k3ub_,55.0,137
d3mynb_,55.0,137
d3o7nb_,55.0,137
d5aqdm_,55.0,184
d5fvbm_,55.0,184
d5nb3m_,55.0,184
d5nb4m_,55.0,184
d5aqdn_,55.0,184
d5fvbn_,55.0,184
d5nb3n_,55.0,184
d5nb4n_,55.0,184
d5aqdo_,55.0,184
d5fvbo_,55.0,184
d5nb3o_,55.0,184
d5nb4o_,55.0,184
d5aqdp_,55.0,184
d5fvbp_,55.0,184
d5nb3p_,55.0,184
d5nb4p_,55.0,184
d5aqdq_,55.0,184
d5fvbq_,55.0,184
d5nb3q_,55.0,184
d5nb4q_,55.0,184
d5aqdr_,55.0,184
d5fvbr_,55.0,184
d5nb3r_,55.0,184
d5nb4r_,55.0,184
d5aqds_,55.0,184
d5fvbs_,55.0,184
d5nb3s_,55.0,184
d5nb4s_,55.0,184
d5aqdt_,55.0,184
d5fvbt_,55.0,184
d5nb3t_,55.0,184
d5nb4t_,55.0,184
d5aqdu_,55.0,184
d5fvbu_,55.0,184
d5nb3u_,55.0,184
d5nb4u_,55.0,184
d5aqdv_,55.0,184
d5fvbv_,55.0,184
d5nb3v_,55.0,184
d5nb4v_,55.0,184
d5aqdw_,55.0,184
d5fvbw_,55.0,184
d5nb3w_,55.0,184
d5nb4w_,55.0,184
d5aqdx_,55.0,184
d5fvbx_,55.0,184
d5nb3x_,55.0,184
d5nb4x_,55.0,184
d3k96a2,55.0,148
d4dlla2,55.0,126
d3k96b2,55.0,147
d4dllb2,55.0,128
d2pv7a1,55.0,128
d2pv7b1,55.0,128
d1ug9a1,55.0,413
d1ulva1,55.0,413
d3on6a_,55.0,443
d2p0va1,55.0,443
d3on6b_,55.0,443
d2p0vb_,55.0,443
d2onga1,55.0,215
d2onha1,55.0,215
d2ongb1,55.0,215
d2onhb1,55.0,215
d4xgha_,55.0,429
d2y46a_,55.0,393
d2y5na_,55.0,394
d2y5za_,55.0,393
d2y98a_,55.0,393
d2ycaa_,55.0,393
d2ygxa_,55.0,393
d3zsna_,55.0,393
d4aw3a_,55.0,393
d5uhua_,55.0,393
d4apya_,55.0,414
d5dqna_,55.0,410
d3a4ga_,55.0,395
d3a4ha_,55.0,400
d3vrma_,55.0,402
d5gnla_,55.0,395
d5gnma_,55.0,399
d6unna_,55.0,393
d4dnza_,55.0,393
d4do1a_,55.0,393
d4egma_,55.0,393
d4egna_,55.0,393
d4egoa_,55.0,393
d4egpa_,55.0,393
d5kdba_,55.0,393
d5kt1a_,55.0,393
d5u6ta_,55.0,393
d5u6ua_,55.0,393
d5u6wa_,55.0,393
d5uvba_,55.0,393
d5yqaa_,55.0,393
d5yqha_,55.0,393
d6c2da_,55.0,393
d6c3ha_,55.0,393
d6c3ja_,55.0,393
d6pq6a_,55.0,393
d6pqda_,55.0,393
d6pqsa_,55.0,393
d6pqwa_,55.0,393
d6prra_,55.0,393
d6prsa_,55.0,393
d6u30a_,55.0,393
d6u31a_,55.0,393
d6u3ka_,55.0,393
d6vjxa_,55.0,393
d7kcsa_,55.0,393
d6l39a_,55.0,393
d6l3aa_,55.0,395
d6q2ca1,55.0,444
d6uw2a1,55.0,444
d2y46b_,55.0,393
d2y5zb_,55.0,394
d2ygxb_,55.0,393
d3zsnb_,55.0,393
d4aw3b_,55.0,393
d5gnmb_,55.0,399
d4dnzb_,55.0,393
d4do1b_,55.0,393
d4egmb_,55.0,394
d4egnb_,55.0,393
d4egob_,55.0,393
d4egpb_,55.0,393
d5yqhb_,55.0,393
d6l39b_,55.0,393
d6l3ab_,55.0,395
d2y5nb1,55.0,397
d6q2cb1,55.0,444
d6uw2b1,55.0,444
d2y46c_,55.0,393
d2y5zc_,55.0,394
d2ygxc_,55.0,393
d3zsnc_,55.0,393
d5gnmc_,55.0,401
d4dnzc_,55.0,393
d4do1c_,55.0,393
d4egmc_,55.0,393
d4egnc_,55.0,393
d4egoc_,55.0,393
d5yqhc_,55.0,393
d6uw2c1,55.0,444
d2ygxd_,55.0,393
d5gnmd_,55.0,401
d4dnzd_,55.0,393
d4do1d_,55.0,393
d4egmd_,55.0,393
d4egnd_,55.0,393
d4egod_,55.0,393
d5yqhd_,55.0,393
d6uw2d1,55.0,444
d6uw2e1,55.0,444
d6uw2f1,55.0,444
d2zqja_,55.0,411
d2zqxa_,55.0,411
d5vcda_,55.0,471
d5vcea_,55.0,471
d5vcga_,55.0,470
d1izoa_,55.0,411
d1lfka_,55.0,394
d1lg9a_,55.0,394
d1lgfa_,55.0,394
d2zqjb_,55.0,411
d2zqxb_,55.0,411
d1izob_,55.0,411
d2zqjc_,55.0,411
d2zqxc_,55.0,411
d1izoc_,55.0,411
d1b25a1,55.0,409
d1b4na1,55.0,409
d1b25b1,55.0,409
d1b4nb1,55.0,409
d1b25c1,55.0,409
d1b4nc1,55.0,409
d1b25d1,55.0,409
d1b4nd1,55.0,409
d1qi9a_,55.0,555
d1qhba_,55.0,595
d1qi9b_,55.0,556
d1qhbb_,55.0,595
d1qhbc_,55.0,595
d1qhbd_,55.0,595
d1qhbe_,55.0,595
d1qhbf_,55.0,595
d1ewqa1,55.0,275
d1ewra1,55.0,275
d1fw6a1,55.0,275
d1nnea1,55.0,275
d1ewqb1,55.0,275
d1ewrb1,55.0,275
d1fw6b1,55.0,275
d1nneb1,55.0,275
d4r10a_,55.0,537
d4r11a_,55.0,534
d3dbsa3,55.0,201
d3zvva3,55.0,201
d3zw3a2,55.0,201
d4anva3,55.0,201
d4j6ia3,55.0,201
d5g2na2,55.0,201
d5g55a3,55.0,201
d4hlea3,55.0,198
d4anua3,55.0,182
d4anwa3,55.0,182
d4anxa3,55.0,182
d4urka3,55.0,182
d4r11c_,55.0,536
d4r11e_,55.0,528
d1h2ua3,55.0,262
d1hu3a1,55.0,242
d1h2ub3,55.0,262
d1h2tc3,55.0,262
d3gnia_,55.0,335
d5o9zv_,55.0,814
d1e8ya1,55.0,201
d1e8za1,55.0,201
d1he8a1,55.0,201
d2a4za3,55.0,201
d2a5ua3,55.0,201
d2chwa3,55.0,201
d2chxa3,55.0,201
d2chza3,55.0,201
d2v4la3,55.0,201
d3csfa3,55.0,201
d3dpda3,55.0,201
d3enea3,55.0,201
d3ibea3,55.0,201
d3l13a3,55.0,201
d3l16a3,55.0,201
d3l17a3,55.0,201
d3ml8a3,55.0,201
d3ml9a3,55.0,201
d3oawa3,55.0,201
d3prza3,55.0,201
d3qaqa3,55.0,201
d3s2aa3,55.0,201
d3tjpa3,55.0,201
d3tl5a3,55.0,201
d4ezja3,55.0,201
d4ezka3,55.0,201
d4ezla3,55.0,201
d4fula3,55.0,201
d4gb9a3,55.0,201
d4hvba3,55.0,201
d4ps3a3,55.0,201
d4ps7a3,55.0,201
d4ps8a3,55.0,201
d4wwna3,55.0,201
d4xx5a3,55.0,201
d4xz4a3,55.0,201
d5jhba2,55.0,201
d5oq4a3,55.0,201
d5t23a2,55.0,201
d6auda3,55.0,201
d6fh5a2,55.0,201
d6gq7a2,55.0,201
d6t3ba2,55.0,201
d7jwza3,55.0,201
d3ps6a3,55.0,200
d3qara3,55.0,200
d4dk5a3,55.0,200
d4f1sa3,55.0,200
d4fjya3,55.0,200
d4flha3,55.0,200
d5edsa3,55.0,200
d5kaea3,55.0,200
d7kkea3,55.0,200
d3l08a3,55.0,199
d3prea3,55.0,199
d4fjza3,55.0,199
d6xrla2,55.0,199
d3nzsa3,55.0,198
d6xrma3,55.0,183
d3mjwa3,55.0,182
d6c1sa3,55.0,182
d3lj3a3,55.0,181
d3qk0a3,55.0,181
d4wwoa3,55.0,181
d5jhaa2,55.0,181
d7jwea2,55.0,181
d7jx0a2,55.0,181
d3apca3,55.0,180
d3apda3,55.0,180
d3nzua3,55.0,180
d3qjza2,55.0,180
d4fhja3,55.0,180
d4fhka3,55.0,180
d4kz0a3,55.0,180
d4wwpa3,55.0,180
d6t3ca2,55.0,180
d3apfa3,55.0,179
d1ldka_,55.0,396
d1ldja2,55.0,394
d1u6ga2,55.0,395
d4l8ta_,55.0,384
d6eywx_,55.0,418
d2f6hx_,55.0,419
d4a4pa_,55.0,186
d4a4pb_,55.0,186
d4rz9a_,55.0,179
d4rzaa_,55.0,179
d5f5sa1,55.0,176
d5o9zi_,55.0,176
d3q73a_,55.0,330
d3q7aa_,55.0,330
d3q7fa_,55.0,330
d3sfxa_,55.0,330
d3sfya_,55.0,330
d5lhoa_,55.0,232
d5lvza_,55.0,235
d4j8ea_,55.0,119
d4j8eb_,55.0,119
d3cvqa_,55.0,315
d1p5qa1,55.0,170
d1p5qb1,55.0,170
d1p5qc1,55.0,170
d3cgha1,55.0,507
d2vpra2,55.0,140
d4d5fa2,55.0,139
d2vkva2,55.0,138
d1qpia2,55.0,139
d1a6ia2,55.0,141
d1bj0a4,55.0,141
d1bjya4,55.0,141
d1bjza2,55.0,141
d1du7a4,55.0,141
d1orka2,55.0,141
d2fj1a2,55.0,141
d2o7oa2,55.0,141
d2tcta2,55.0,141
d2trta2,55.0,141
d2vkea2,55.0,141
d2x6oa2,55.0,141
d2x9da2,55.0,141
d2xb5a2,55.0,141
d2xpsa4,55.0,141
d2xpta4,55.0,141
d2xpua2,55.0,141
d2xpva2,55.0,141
d2xpwa2,55.0,141
d4abza2,55.0,141
d4auxa2,55.0,141
d4d7ma2,55.0,141
d4v2fa2,55.0,141
d4v2ga2,55.0,141
d4d7na2,55.0,142
d1bjyb4,55.0,141
d4v2gb2,55.0,141
d5ak2b_,55.0,238
d1xqca_,55.0,242
d2yata_,55.0,248
d5acca_,55.0,239
d5fqpa_,55.0,242
d5fqra_,55.0,239
d5fqsa_,55.0,239
d5fqta_,55.0,239
d5fqva_,55.0,239
d2j7xa_,55.0,237
d2j7ya_,55.0,237
d1pcga_,55.0,244
d1qkta_,55.0,248
d1uoma_,55.0,241
d2i0ja_,55.0,223
d2poga_,55.0,245
d2q70a_,55.0,244
d2qe4a_,55.0,223
d2r6wa_,55.0,244
d2r6ya_,55.0,244
d3os8a_,55.0,241
d3os9a_,55.0,240
d3osaa_,55.0,241
d5ufwa_,55.0,240
d5ufxa_,55.0,239
d6b0fa_,55.0,236
d6c42a_,55.0,238
d6psja_,55.0,244
d6sboa_,55.0,245
d6v87a_,55.0,237
d6vgha_,55.0,244
d6viga_,55.0,242
d6vj1a_,55.0,242
d6vjda_,55.0,242
d6vpfa_,55.0,239
d6vpka_,55.0,244
d6vvpa_,55.0,242
d7kcaa_,55.0,244
d5tjfa_,54.0,160
d1eyxa_,54.0,164
d7lixb_,54.0,162
d1eyxk_,54.0,164
d1wpqa2,54.0,156
d1x0va2,54.0,156
d1x0xa2,54.0,156
d6e8ya2,54.0,156
d6e8za2,54.0,156
d6e90a2,54.0,156
d6pypa2,54.0,156
d1wpqb2,54.0,156
d1x0vb2,54.0,156
d6e8yb2,54.0,156
d6e8zb2,54.0,156
d6e90b2,54.0,156
d6pypb2,54.0,156
d1hzfa_,54.0,326
d6hqka_,54.0,403
d6hqma_,54.0,401
d6hqna_,54.0,403
d6hqqa_,54.0,402
d6ycna_,54.0,403
d6ycta_,54.0,403
d1z10a_,54.0,465
d2fdua_,54.0,465
d2fdva_,54.0,465
d2fdwa_,54.0,465
d2fdya_,54.0,465
d2hi4a_,54.0,480
d2pg5a_,54.0,464
d2pg7a_,54.0,464
d3t3ra_,54.0,463
d4ejja_,54.0,465
d4ruia_,54.0,464
d3a4za_,54.0,402
d3a50a_,54.0,402
d3a51a_,54.0,402
d3b98a_,54.0,458
d3b99a_,54.0,459
d1z11a1,54.0,465
d2fdub_,54.0,463
d3t3rb_,54.0,463
d4ejjb_,54.0,464
d3a4zb_,54.0,402
d3a50b_,54.0,402
d3a51b_,54.0,402
d3b98b_,54.0,458
d3b99b_,54.0,459
d4ruib1,54.0,464
d1z10b1,54.0,463
d1z11b1,54.0,463
d2fdvb1,54.0,463
d2fdwb1,54.0,463
d2fdyb1,54.0,463
d2pg5b1,54.0,463
d2pg7b1,54.0,463
d1z10c_,54.0,464
d1z11c_,54.0,464
d2fduc_,54.0,464
d2fdvc_,54.0,464
d2fdwc_,54.0,464
d2fdyc_,54.0,464
d2pg5c_,54.0,463
d2pg7c_,54.0,464
d3t3rc_,54.0,463
d4ejjc_,54.0,464
d4ruic_,54.0,464
d3a4zc_,54.0,401
d3a50c_,54.0,401
d3a51c_,54.0,401
d1z10d_,54.0,464
d1z11d_,54.0,464
d2fdud_,54.0,464
d2fdvd_,54.0,464
d2fdwd_,54.0,464
d2fdyd_,54.0,464
d2pg5d_,54.0,464
d2pg7d_,54.0,464
d4ejjd_,54.0,464
d3a4zd_,54.0,401
d3a50d_,54.0,401
d3a51d_,54.0,402
d4ruid1,54.0,464
d3t3rd1,54.0,463
d3a4ze_,54.0,401
d3a50e_,54.0,401
d3a51e_,54.0,401
d4ruie1,54.0,464
d4ruif1,54.0,464
d1odoa_,54.0,401
d1aora1,54.0,395
d1aorb1,54.0,395
d5my3a1,54.0,200
d1xa6a1,54.0,196
d2ngrb_,54.0,196
d1z2cb1,54.0,361
d1z2cd_,54.0,354
d2grob_,54.0,157
d2grpb_,54.0,157
d2grqb_,54.0,157
d2grrb_,54.0,157
d2grnb1,54.0,157
d3uinc_,54.0,156
d3uioc_,54.0,156
d3uipc_,54.0,156
d5d2mc_,54.0,158
d1z5sc1,54.0,156
d2io2c1,54.0,156
d2io3c1,54.0,156
d2iy0c1,54.0,156
d5d2mf_,54.0,157
d4lx1a_,54.0,384
d6ku0a_,54.0,383
d4j5la_,54.0,383
d3wb8a_,54.0,383
d4kp3a_,54.0,384
d4llia1,54.0,389
d4lx1b_,54.0,383
d5jczb_,54.0,383
d4j5lb_,54.0,384
d3wb8b_,54.0,384
d4kp3b_,54.0,384
d4llib1,54.0,389
d5jczc_,54.0,385
d6ku0c_,54.0,383
d3wb8c_,54.0,383
d3wb8d_,54.0,384
d5jcze_,54.0,383
d3wb8e_,54.0,383
d3wb8f_,54.0,383
d3wb8g_,54.0,384
d3wb8h_,54.0,383
d4oiya1,54.0,187
d4oiyb_,54.0,184
d2ijpb_,54.0,230
d3efzb_,54.0,229
d3efzd_,54.0,222
d6hpga_,54.0,121
d5ompa3,54.0,171
d6hpgd_,54.0,121
d2jk3a2,54.0,114
d2jk3b2,54.0,114
d3eyba_,54.0,219
d1x7ea_,54.0,245
d1x7ra_,54.0,242
d2ig3a_,53.0,127
d2ig3b_,53.0,124
d5b13a_,53.0,164
d2vjhb_,53.0,177
d5b13b_,53.0,164
d1eyxb_,53.0,177
d5b13c_,53.0,164
d2vjhd_,53.0,177
d5b13d_,53.0,164
d5b13e_,53.0,164
d5b13f_,53.0,164
d1eyxl_,53.0,177
d3pdua2,53.0,123
d3ckya2,53.0,134
d5uq9a2,53.0,293
d2jkva2,53.0,306
d6bula2,53.0,140
d3pdub2,53.0,123
d3ckyb2,53.0,133
d5uq9b2,53.0,294
d2jkvb2,53.0,306
d3pduc2,53.0,123
d3ckyc2,53.0,134
d5uq9c2,53.0,293
d2jkvc2,53.0,306
d6e90c2,53.0,153
d3pdud2,53.0,123
d3ckyd2,53.0,134
d5uq9d2,53.0,293
d2jkvd2,53.0,306
d6e90d2,53.0,154
d3pdue2,53.0,123
d5uq9e2,53.0,292
d2jkve2,53.0,306
d3pduf2,53.0,123
d5uq9f2,53.0,293
d2jkvf2,53.0,295
d3pdug2,53.0,123
d5uq9g2,53.0,290
d3pduh2,53.0,123
d5uq9h2,53.0,290
d4gwga2,53.0,293
d4gwka2,53.0,293
d3wkfa_,53.0,407
d3wkga_,53.0,410
d3wkha_,53.0,410
d3wkia_,53.0,407
d4doda1,53.0,452
d4doea1,53.0,452
d1qqfa_,53.0,277
d1qsja_,53.0,276
d1qsjb_,53.0,276
d1qsjc_,53.0,276
d1qsjd_,53.0,276
d6s6fa_,53.0,360
d6s87a_,53.0,359
d6s6fb_,53.0,370
d6s87b_,53.0,358
d6s87c_,53.0,358
d6s87d_,53.0,365
d1aj8a_,53.0,371
d1aj8b_,53.0,370
d6hqla_,53.0,402
d6hqpa_,53.0,402
d6hqra_,53.0,402
d6hqta_,53.0,402
d6ycpa_,53.0,403
d3mzsa_,53.0,470
d3n9ya_,53.0,471
d3n9za_,53.0,470
d3na0a_,53.0,470
d3na1a_,53.0,472
d3weca_,53.0,401
d5kdza_,53.0,393
d6oowa_,53.0,393
d6ooxa_,53.0,393
d6wzpa_,53.0,393
d4ggva_,53.0,396
d7di3a_,53.0,393
d7dlsa_,53.0,394
d4pwva_,53.0,411
d4pxha_,53.0,417
d2bvja_,53.0,395
d2c6ha_,53.0,394
d2c7xa_,53.0,397
d2ca0a_,53.0,393
d2cd8a_,53.0,392
d2vzma_,53.0,395
d2whwa_,53.0,396
d2wi9a_,53.0,396
d3zk5a_,53.0,397
d3zpia_,53.0,396
d4b7da_,53.0,393
d4b7sa_,53.0,397
d4bf4a_,53.0,396
d4umza_,53.0,396
d3mzsb_,53.0,470
d3n9yb_,53.0,470
d3n9zb_,53.0,470
d3na0b_,53.0,470
d3na1b_,53.0,471
d2bvjb_,53.0,398
d2c6hb_,53.0,395
d2ca0b_,53.0,393
d2cd8b_,53.0,393
d2vzmb_,53.0,394
d2whwb_,53.0,393
d2wi9b_,53.0,394
d3zk5b_,53.0,394
d3zpib_,53.0,396
d4b7db_,53.0,393
d4b7sb_,53.0,393
d4bf4b_,53.0,397
d4umzb_,53.0,395
d3mzsc_,53.0,470
d4pxhc_,53.0,409
d4bf4c_,53.0,396
d3mzsd_,53.0,470
d4bf4d_,53.0,397
d4pxhe_,53.0,407
d4bf4e_,53.0,397
d4bf4f_,53.0,396
d4bf4g_,53.0,396
d4bf4h_,53.0,396
d4bf4i_,53.0,396
d4bf4j_,53.0,397
d4bf4k_,53.0,397
d4bf4l_,53.0,397
d4bf4m_,53.0,397
d4bf4n_,53.0,397
d4bf4o_,53.0,397
d4bf4p_,53.0,396
d3nxua_,53.0,468
d3tjsa_,53.0,468
d3ua1a_,53.0,469
d4d6za_,53.0,469
d4d75a_,53.0,469
d4d78a_,53.0,471
d4d7da_,53.0,469
d4i3qa_,53.0,470
d4i4ga_,53.0,470
d4i4ha_,53.0,468
d4k9ta_,53.0,469
d4k9ua_,53.0,470
d4k9va_,53.0,469
d4k9wa_,53.0,468
d4k9xa_,53.0,468
d4ny4a_,53.0,471
d5a1pa_,53.0,472
d5a1ra_,53.0,472
d5g5ja_,53.0,470
d5te8a_,53.0,476
d5vc0a_,53.0,469
d5vcca_,53.0,468
d6bcza_,53.0,470
d6bd5a_,53.0,468
d6bd6a_,53.0,469
d6bd7a_,53.0,470
d6bd8a_,53.0,468
d6bdha_,53.0,469
d6bdia_,53.0,471
d6bdka_,53.0,471
d6bdma_,53.0,469
d6da2a_,53.0,469
d6da3a_,53.0,470
d6da5a_,53.0,470
d6da8a_,53.0,470
d6daaa_,53.0,470
d6daba_,53.0,468
d6daca_,53.0,470
d6daga_,53.0,470
d6daja_,53.0,469
d6dala_,53.0,470
d6ma6a_,53.0,472
d6ma7a_,53.0,472
d6ma8a_,53.0,472
d6oo9a_,53.0,471
d6ooaa_,53.0,469
d6ooba_,53.0,471
d6unea_,53.0,468
d6unga_,53.0,469
d6unha_,53.0,471
d6unia_,53.0,470
d6unja_,53.0,468
d6unka_,53.0,470
d6unla_,53.0,470
d6unma_,53.0,469
d7ks8a_,53.0,470
d7ksaa_,53.0,469
d7kvha_,53.0,468
d7kvia_,53.0,469
d7kvja_,53.0,469
d7kvka_,53.0,470
d7kvma_,53.0,469
d7kvna_,53.0,468
d7kvoa_,53.0,468
d7kvpa_,53.0,469
d7kvqa_,53.0,468
d7kvsa_,53.0,469
d7lxla_,53.0,469
d2a1oa_,53.0,405
d2cp4a_,53.0,405
d1cmja_,53.0,399
d1ehfa_,53.0,399
d1tqna_,53.0,472
d1w0ea_,53.0,475
d1w0fa_,53.0,474
d1w0ga_,53.0,474
d2j0ca_,53.0,469
d2j0da1,53.0,467
d2v0ma1,53.0,469
d3nxub_,53.0,468
d4k9wb_,53.0,468
d5te8b_,53.0,476
d6unjb_,53.0,468
d6unmb_,53.0,467
d7kvhb_,53.0,468
d7kvkb_,53.0,468
d7kvnb_,53.0,468
d7kvob_,53.0,468
d7kvqb_,53.0,468
d7kvsb_,53.0,467
d2a1ob_,53.0,405
d2j0cb_,53.0,467
d2j0db1,53.0,467
d2v0mb1,53.0,467
d4k9wc_,53.0,468
d5te8c_,53.0,475
d2j0cc_,53.0,467
d2v0mc1,53.0,467
d4k9wd_,53.0,468
d2j0cd_,53.0,467
d2v0md1,53.0,467
d2osaa_,53.0,196
d6gvcr_,53.0,223
d1f7ca_,53.0,191
d4b8ja_,53.0,470
d4b8oa_,53.0,422
d4bpla_,53.0,422
d4bqka1,53.0,422
d4bqkb_,53.0,422
d4kzga1,53.0,322
d4kzgb1,53.0,323
d4kzgc1,53.0,323
d4kzgd1,53.0,323
d4kzge1,53.0,323
d4kzgf1,53.0,323
d4kzgg1,53.0,323
d4kzgh1,53.0,322
d1kpsb_,53.0,156
d1kpsd_,53.0,155
d4ilga2,53.0,188
d4i43a2,53.0,191
d3zefa2,53.0,187
d3sbsa2,53.0,146
d5qy1b2,53.0,148
d5qy2b2,53.0,148
d5qy3b2,53.0,148
d5qy4b2,53.0,148
d5qy5b2,53.0,148
d5qy6b2,53.0,148
d5qy7b2,53.0,148
d5qy8b2,53.0,148
d5qy9b2,53.0,148
d5qyab2,53.0,148
d5qybb2,53.0,148
d5qycb2,53.0,148
d5qydb2,53.0,148
d5qyeb2,53.0,148
d5qyfb2,53.0,148
d5qygb2,53.0,148
d5qyhb2,53.0,148
d5qyib2,53.0,148
d5qyjb2,53.0,148
d5qykb2,53.0,148
d5qylb2,53.0,148
d5qymb2,53.0,148
d5qynb2,53.0,148
d5qyob2,53.0,148
d5qypb2,53.0,148
d5qyqb2,53.0,148
d5qyrb2,53.0,148
d5qysb2,53.0,148
d5qytb2,53.0,148
d5qyub2,53.0,148
d5qyvb2,53.0,148
d5qywb2,53.0,148
d5qyxb2,53.0,148
d5qyyb2,53.0,148
d5qyzb2,53.0,148
d5qz0b2,53.0,148
d5qz1b2,53.0,148
d5qz2b2,53.0,148
d5qz3b2,53.0,148
d5qz4b2,53.0,148
d5qz5b2,53.0,148
d5qz6b2,53.0,148
d5qz7b2,53.0,148
d5qz8b2,53.0,148
d5qz9b2,53.0,148
d5qzab2,53.0,148
d5qzbb2,53.0,148
d5qzcb2,53.0,148
d5qzdb2,53.0,148
d5qzeb2,53.0,148
d5qzfb2,53.0,148
d5qzgb2,53.0,148
d5qzhb2,53.0,148
d5qzib2,53.0,148
d5qzjb2,53.0,148
d5qzkb2,53.0,148
d5qzlb2,53.0,148
d5qzmb2,53.0,148
d5qznb2,53.0,148
d5qzob2,53.0,148
d5qzpb2,53.0,148
d5qzqb2,53.0,148
d5qzrb2,53.0,148
d5qzsb2,53.0,148
d5qztb2,53.0,148
d5qzub2,53.0,148
d5qzvb2,53.0,148
d5qzwb2,53.0,148
d5qzxb2,53.0,148
d5qzyb2,53.0,148
d5qzzb2,53.0,148
d5r00b2,53.0,148
d5r01b2,53.0,148
d5r02b2,53.0,148
d5r03b2,53.0,148
d5r04b2,53.0,148
d5r05b2,53.0,148
d5r06b2,53.0,148
d5r07b2,53.0,148
d5r08b2,53.0,148
d5r09b2,53.0,148
d5r0ab2,53.0,148
d5r0bb2,53.0,148
d5r0cb2,53.0,148
d5r0db2,53.0,148
d5r0eb2,53.0,148
d5r0fb2,53.0,148
d5r0gb2,53.0,148
d5r0hb2,53.0,148
d5r0ib2,53.0,148
d5r0jb2,53.0,148
d5r0kb2,53.0,148
d5r0lb2,53.0,148
d5r0mb2,53.0,148
d5r0nb2,53.0,148
d5r0ob2,53.0,148
d5r0pb2,53.0,148
d5r0qb2,53.0,148
d5r0rb2,53.0,148
d5r0sb2,53.0,148
d5r0tb2,53.0,148
d5r0ub2,53.0,148
d5r0vb2,53.0,148
d5r0wb2,53.0,148
d5r0xb2,53.0,148
d5r0yb2,53.0,148
d5r0zb2,53.0,148
d5r10b2,53.0,148
d5r11b2,53.0,148
d5r12b2,53.0,148
d5r13b2,53.0,148
d5r14b2,53.0,148
d5r15b2,53.0,148
d5r16b2,53.0,148
d5r17b2,53.0,148
d5r18b2,53.0,148
d5r19b2,53.0,148
d5r1ab2,53.0,148
d5r1bb2,53.0,148
d5r1cb2,53.0,148
d5r1db2,53.0,148
d5r1eb2,53.0,148
d5r1fb2,53.0,148
d5r1gb2,53.0,148
d5r1hb2,53.0,148
d5r1ib2,53.0,148
d5r1jb2,53.0,148
d5r1kb2,53.0,148
d5r1lb2,53.0,148
d5r1mb2,53.0,148
d5r1nb2,53.0,148
d5r1ob2,53.0,148
d5r1pb2,53.0,148
d5r1qb2,53.0,148
d5r1sb2,53.0,148
d3sbtb2,53.0,147
d4ilhb2,53.0,144
d3zefd2,53.0,186
d4lera_,53.0,457
d3zyka1,53.0,129
d3zyla1,53.0,144
d3zykb1,53.0,131
d3zylb1,53.0,131
d1hf8a2,53.0,131
d1hfaa2,53.0,131
d1hg2a2,53.0,131
d1hg5a2,53.0,131
d3v99a2,53.0,558
d3v98a2,53.0,559
d3o8yb2,53.0,559
d3v92b2,53.0,559
d6n2wb2,53.0,559
d6ncfc2,53.0,559
d6ncfd2,53.0,559
d3fk7a2,53.0,139
d3fk6a2,53.0,140
d1z0xa2,53.0,149
d2jj7a2,53.0,107
d3fk6b2,53.0,137
d3fk7b2,53.0,138
d1z0xb2,53.0,143
d2jj7b2,53.0,107
d2iz2a1,53.0,236
d2xhsa1,53.0,237
d4j5wc1,53.0,231
d2jfaa_,53.0,225
d3hlva_,53.0,245
d3hm1a_,53.0,243
d3q95a_,53.0,246
d3q97a_,53.0,249
d4csja_,53.0,247
d5a86a_,53.0,290
d1a52a_,53.0,239
d1erea_,53.0,244
d1erra_,53.0,241
d1g50a_,53.0,247
d1gwqa_,53.0,248
d1gwra_,53.0,244
d1l2ia_,53.0,243
d1qkua_,53.0,250
d1r5ka_,53.0,240
d1sj0a_,53.0,245
d1xp1a_,53.0,245
d1xp6a_,53.0,245
d1xp9a_,53.0,245
d1xpca_,53.0,245
d1yima_,53.0,245
d1yina_,53.0,245
d1zkya_,53.0,246
d2b1va_,53.0,244
d2b1za_,53.0,244
d2b23a_,53.0,244
d2erta_,53.0,246
d2faia_,53.0,244
d2g44a_,53.0,244
d2g5oa_,53.0,245
d2ioga_,53.0,243
d2ioka_,53.0,239
d2ocfa_,53.0,244
d2ouza_,53.0,246
d2p15a_,53.0,245
d2q6ja_,53.0,244
d2qa6a_,53.0,245
d2qa8a_,53.0,244
d2qaba_,53.0,244
d2qgta_,53.0,244
d2qgwa_,53.0,244
d2qh6a_,53.0,245
d2qr9a_,53.0,245
d2qsea_,53.0,245
d2qxma_,53.0,245
d2qxsa_,53.0,242
d2qzoa_,53.0,245
d3dt3a_,53.0,246
d3erda_,53.0,246
d3erta_,53.0,247
d3l03a_,53.0,244
d3uuca_,53.0,240
d4q50a_,53.0,239
d5jmma_,53.0,243
d5u2ba_,53.0,250
d6cbza_,53.0,241
d6czna_,53.0,241
d6d0fa_,53.0,238
d7jhda_,53.0,242
d3aq8a_,52.0,117
d3aq8b_,52.0,117
d1or4b_,52.0,158
d1or6b_,52.0,156
d2vjra_,52.0,162
d2vmla_,52.0,162
d1b8da_,52.0,164
d1liaa_,52.0,164
d2vmlc_,52.0,162
d2vmle_,52.0,162
d2vmlg_,52.0,162
d5b13g_,52.0,177
d5b13h_,52.0,177
d2vmli_,52.0,162
d5b13i_,52.0,177
d5b13j_,52.0,177
d2vmlk_,52.0,162
d5b13k_,52.0,177
d1b8dk_,52.0,164
d1liak_,52.0,164
d5b13l_,52.0,177
d2uyya2,52.0,124
d2uyyb2,52.0,124
d2uyyc2,52.0,124
d2uyyd2,52.0,124
d1pgna1,52.0,297
d1pgoa1,52.0,297
d1pgpa1,52.0,297
d1pgqa1,52.0,297
d2pgda1,52.0,297
d4jjja_,52.0,638
d1l1ya_,52.0,642
d1l2aa_,52.0,642
d1clca1,52.0,441
d1l1yb_,52.0,642
d1l2ab_,52.0,642
d1l1yc_,52.0,642
d1l2ac_,52.0,642
d1l1yd_,52.0,642
d1l2ad_,52.0,642
d1l1ye_,52.0,642
d1l2ae_,52.0,642
d1l1yf_,52.0,642
d1l2af_,52.0,642
d1h54a1,52.0,481
d1h54b1,52.0,481
d1fo2a_,52.0,458
d1fo3a_,52.0,457
d1x9da_,52.0,453
d5kija_,52.0,452
d5kk7a_,52.0,455
d1nxca_,52.0,467
d5kkba_,52.0,469
d1fmia1,52.0,455
d5kk7b_,52.0,455
d5kkbb_,52.0,469
d1r76a_,52.0,408
d5hh3a_,52.0,389
d5ofqa_,52.0,386
d2pg6a_,52.0,465
d6n6qa_,52.0,446
d6j82a_,52.0,392
d6j83a_,52.0,392
d6j84a_,52.0,392
d5z9ia_,52.0,392
d5z9ja_,52.0,391
d6giia_,52.0,416
d6ldla_,52.0,418
d2x2na_,52.0,449
d3abba1,52.0,394
d4y8wa1,52.0,456
d4bjka1,52.0,447
d5ofqb_,52.0,386
d6n6qb_,52.0,461
d5z9jb_,52.0,390
d2x2nb_,52.0,448
d4y8wb1,52.0,455
d4bjkb1,52.0,447
d2pg6b1,52.0,463
d5ofqc_,52.0,386
d2pg6c_,52.0,464
d6n6qc_,52.0,446
d5z9jc_,52.0,392
d2x2nc_,52.0,448
d5hh3c1,52.0,391
d4y8wc1,52.0,456
d4bjkc1,52.0,447
d5ofqd_,52.0,387
d2pg6d_,52.0,464
d6n6qd_,52.0,444
d5z9jd_,52.0,390
d2x2nd_,52.0,448
d4bjkd1,52.0,447
d4tt5a_,52.0,367
d4tuva_,52.0,367
d4wpda_,52.0,367
d4wqja_,52.0,367
d1f4ta_,52.0,367
d1f4ua_,52.0,366
d1io7a_,52.0,366
d1io8a_,52.0,366
d1io9a_,52.0,366
d5bv5a_,52.0,365
d5wk7a_,52.0,405
d5wk9a_,52.0,405
d1cmna_,52.0,399
d1ehga_,52.0,399
d1n6ba1,52.0,461
d1nr6a1,52.0,461
d1dt6a1,52.0,458
d4wpdb_,52.0,367
d1f4tb_,52.0,367
d1f4ub_,52.0,366
d1io7b_,52.0,366
d1io8b_,52.0,366
d1io9b_,52.0,366
d5bv5c_,52.0,364
d5bv5d_,52.0,366
d2ee4a1,52.0,202
d2ee5a1,52.0,212
d6v65b_,52.0,324
d6v6fb_,52.0,324
d3obva_,52.0,322
d2bnxa1,52.0,343
d2bapa1,52.0,301
d2bnxb_,52.0,342
d3obvb_,52.0,326
d2bapb1,52.0,301
d3obvc_,52.0,322
d3obvd_,52.0,327
d4adya1,52.0,445
d4adyb1,52.0,445
d4cr2n1,52.0,445
d2hyec2,52.0,347
d2br9a_,52.0,230
d3uala_,52.0,230
d6eiha_,52.0,230
d6hpgb_,52.0,117
d6hpgc_,52.0,117
d6hpge_,52.0,117
d6hpgf_,52.0,117
d1hh8a_,52.0,192
d1wm5a2,52.0,203
d1e96b_,52.0,185
d2grla2,52.0,221
d2axva2,52.0,237
d2axza2,52.0,240
d2aw6a2,52.0,218
d2grma2,52.0,246
d2awia2,52.0,231
d2axua2,52.0,235
d2aw6b2,52.0,220
d2grlb2,52.0,220
d2axvb2,52.0,238
d2axzb2,52.0,239
d2grmb2,52.0,249
d2awib2,52.0,231
d2axub2,52.0,233
d2axzc2,52.0,218
d2grlc2,52.0,221
d2grmc2,52.0,228
d2axvc2,52.0,237
d2awic2,52.0,231
d2axuc2,52.0,233
d2grld2,52.0,220
d2axvd2,52.0,237
d2axzd2,52.0,239
d2awid2,52.0,231
d2axud2,52.0,232
d2awie2,52.0,231
d2axue2,52.0,234
d2awif2,52.0,231
d2axuf2,52.0,235
d2awig2,52.0,231
d2axug2,52.0,236
d2awih2,52.0,231
d2axuh2,52.0,232
d2awii2,52.0,231
d2axui2,52.0,233
d2awij2,52.0,231
d2axuj2,52.0,231
d2awik2,52.0,231
d2axuk2,52.0,234
d2awil2,52.0,231
d2axul2,52.0,232
d4cr2t1,52.0,178
d3rrua_,52.0,141
d3rrub_,52.0,141
d5fkka2,52.0,141
d6ftsa2,52.0,141
d6rgxa2,52.0,141
d2d6ya2,52.0,118
d2wv1a2,52.0,121
d2g7la2,52.0,144
d5fkkb2,52.0,141
d6rgxb2,52.0,141
d2d6yb2,52.0,118
d2wv1b2,52.0,121
d4ojba_,52.0,248
d4ok1a_,52.0,249
d4okta_,52.0,249
d4okwa_,52.0,247
d4okxa_,52.0,248
d4olma_,52.0,248
d1xj7a_,52.0,256
d3fs1a_,52.0,230
d5k13a_,52.0,235
d1yjea_,52.0,233
d4h0mb_,51.0,172
d3dbjb_,51.0,161
d1liab_,51.0,177
d4h0md_,51.0,172
d3dbjd_,51.0,161
d4h0mf_,51.0,172
d3dbjf_,51.0,161
d4h0mh_,51.0,172
d3dbjh_,51.0,161
d4h0mj_,51.0,172
d4h0ml_,51.0,172
d1lial_,51.0,177
d4h0mn_,51.0,172
d4h0mp_,51.0,172
d4h0mr_,51.0,172
d4h0mt_,51.0,172
d4h0mv_,51.0,172
d4h0mx_,51.0,172
d4kqxa2,51.0,142
d4kqwa2,51.0,145
d4kqwb2,51.0,144
d4kqxb2,51.0,149
d6trha1,51.0,376
d6shya1,51.0,375
d6srda1,51.0,375
d6suda1,51.0,375
d6to0a1,51.0,375
d6towa1,51.0,375
d6tppa1,51.0,375
d6shyb1,51.0,375
d6srdb1,51.0,375
d6sudb1,51.0,375
d6to0b1,51.0,375
d6towb1,51.0,375
d6tppb1,51.0,375
d6trhb1,51.0,375
d6trhc1,51.0,380
d6trhd1,51.0,375
d2ahfa_,51.0,377
d2ahga_,51.0,377
d2d5ja_,51.0,377
d1vd5a_,51.0,377
d2fuza_,51.0,377
d2fv0a_,51.0,377
d2fv1a_,51.0,377
d2ahfb_,51.0,377
d2ahgb_,51.0,377
d2d5jb_,51.0,377
d2fv0b_,51.0,377
d2fv1b_,51.0,377
d3eu5b_,51.0,404
d3euvb_,51.0,404
d1jcqb_,51.0,410
d1ld7b_,51.0,407
d1ld8b_,51.0,407
d1mzcb_,51.0,407
d1s63b_,51.0,410
d1sa4b_,51.0,410
d1tn6b_,51.0,410
d2f0yb_,51.0,401
d2iejb_,51.0,410
d3e37b_,51.0,410
d1d8db_,51.0,407
d1d8eb_,51.0,407
d1fppb_,51.0,400
d1ft1b_,51.0,416
d1ft2b_,51.0,401
d1jcrb_,51.0,407
d1jcsb_,51.0,407
d1kzob_,51.0,407
d1kzpb_,51.0,407
d1n94b_,51.0,397
d1n95b_,51.0,401
d1n9ab_,51.0,401
d1ni1b_,51.0,401
d1nl4b_,51.0,401
d1o1rb_,51.0,401
d1o1sb_,51.0,401
d1o1tb_,51.0,401
d1o5mb_,51.0,401
d1qbqb_,51.0,401
d1sa5b_,51.0,407
d1tn7b_,51.0,407
d1tn8b_,51.0,407
d1x81b_,51.0,397
d2bedb_,51.0,401
d2r2lb_,51.0,401
d2zirb_,51.0,402
d2zisb_,51.0,401
d3e30b_,51.0,407
d3e32b_,51.0,407
d3e33b_,51.0,407
d3e34b_,51.0,407
d3kslb_,51.0,403
d3ksqb_,51.0,403
d3pz4b_,51.0,403
d4gtmb_,51.0,405
d4gtob_,51.0,406
d4gtpb_,51.0,403
d4gtqb_,51.0,405
d4gtrb_,51.0,403
d3dpyb1,51.0,402
d2h6hb1,51.0,410
d2h6ib1,51.0,410
d2h6fb1,51.0,401
d3qz1a_,51.0,455
d3qz1b_,51.0,455
d3qz1c_,51.0,454
d3qz1d_,51.0,453
d1uyua_,51.0,404
d1yrca_,51.0,405
d2frza_,51.0,405
d2gqxa_,51.0,405
d2gr6a_,51.0,405
d1akda_,51.0,405
d1c8ja_,51.0,405
d1cp4a_,51.0,405
d1dz4a_,51.0,404
d1dz6a_,51.0,404
d1dz8a_,51.0,404
d1dz9a_,51.0,404
d1geba_,51.0,405
d1geka_,51.0,406
d1gema_,51.0,405
d1gjma_,51.0,405
d1iwia_,51.0,405
d1iwja_,51.0,405
d1iwka_,51.0,405
d1j51a_,51.0,405
d1k2oa_,51.0,406
d1lwla_,51.0,404
d1mpwa_,51.0,405
d1nooa_,51.0,405
d1o76a_,51.0,404
d1phaa_,51.0,405
d1phba_,51.0,405
d1phca_,51.0,405
d1phda_,51.0,405
d1phea_,51.0,405
d1phfa_,51.0,405
d1phga_,51.0,405
d1qmqa_,51.0,406
d1re9a_,51.0,404
d1rf9a_,51.0,404
d1t85a_,51.0,406
d1t86a_,51.0,406
d1t87a_,51.0,407
d1t88a_,51.0,407
d1yrda_,51.0,405
d2a1ma_,51.0,405
d2a1na_,51.0,407
d2cppa_,51.0,405
d2fe6a_,51.0,405
d2fera_,51.0,405
d2feua_,51.0,404
d2h7qa_,51.0,405
d2h7ra_,51.0,405
d2h7sa_,51.0,405
d2l8ma_,51.0,405
d2lqda_,51.0,405
d2m56a_,51.0,404
d2qbla_,51.0,405
d2qbma_,51.0,405
d2qbna_,51.0,405
d2qboa_,51.0,405
d2z97a_,51.0,405
d2zawa_,51.0,405
d2zaxa_,51.0,405
d2zuha_,51.0,405
d2zuia_,51.0,405
d2zuja_,51.0,405
d2zwta_,51.0,405
d2zwua_,51.0,405
d3cp4a_,51.0,405
d3cppa_,51.0,405
d3fwfa_,51.0,404
d3fwga_,51.0,404
d3fwia_,51.0,405
d3fwja_,51.0,405
d3l61a_,51.0,405
d3l62a_,51.0,405
d3l63a_,51.0,405
d3oiaa_,51.0,405
d3ol5a_,51.0,405
d3p6ma_,51.0,404
d3p6na_,51.0,404
d3p6oa_,51.0,405
d3p6pa_,51.0,407
d3p6qa_,51.0,405
d3p6ra_,51.0,405
d3p6sa_,51.0,406
d3p6ta_,51.0,404
d3p6ua_,51.0,405
d3p6va_,51.0,405
d3p6wa_,51.0,405
d3p6xa_,51.0,405
d3w9ca_,51.0,405
d3wrha_,51.0,405
d3wrja_,51.0,405
d3wrla_,51.0,405
d3wrma_,51.0,405
d4cp4a_,51.0,405
d4cppa_,51.0,405
d4ek1a_,51.0,403
d4g3ra_,51.0,407
d4jwsa_,51.0,405
d4jwua_,51.0,405
d4jx1a_,51.0,405
d4l49a_,51.0,405
d4l4da_,51.0,405
d5cp4a_,51.0,406
d5cppa_,51.0,405
d5gxga_,51.0,405
d5ik1a_,51.0,406
d6cp4a_,51.0,405
d6cppa_,51.0,405
d6nbla_,51.0,405
d6we6a_,51.0,405
d6wfla_,51.0,405
d7cppa_,51.0,405
d8cppa_,51.0,405
d1jioa_,51.0,403
d1jipa_,51.0,403
d1z8oa_,51.0,402
d1z8pa_,51.0,403
d1z8qa_,51.0,403
d1og2a_,51.0,462
d1og5a_,51.0,461
d1p2ya1,51.0,405
d1p7ra1,51.0,405
d3wria1,51.0,405
d3wrka1,51.0,405
d4nz2a1,51.0,462
d1uyub_,51.0,405
d2frzb_,51.0,405
d2gqxb_,51.0,405
d2gr6b_,51.0,405
d1c8jb_,51.0,405
d1dz4b_,51.0,405
d1dz6b_,51.0,405
d1dz8b_,51.0,405
d1dz9b_,51.0,405
d1j51b_,51.0,405
d1k2ob_,51.0,406
d1mpwb_,51.0,405
d1o76b_,51.0,405
d1t86b_,51.0,406
d1t87b_,51.0,405
d1t88b_,51.0,405
d2a1mb_,51.0,405
d2a1nb_,51.0,405
d2feub_,51.0,405
d3fwfb_,51.0,405
d3fwgb_,51.0,405
d4ek1b_,51.0,404
d4g3rb_,51.0,405
d4jwsb_,51.0,405
d4jwub_,51.0,405
d4jx1b_,51.0,405
d6nblb_,51.0,405
d6we6b_,51.0,405
d1og2b_,51.0,462
d1og5b_,51.0,461
d3wrib1,51.0,405
d4nz2b1,51.0,462
d1j51c_,51.0,405
d2h7sc_,51.0,405
d1j51d_,51.0,405
d3wrkd1,51.0,405
d3wrhe_,51.0,405
d3wrje_,51.0,405
d3wrle_,51.0,405
d4jx1e_,51.0,405
d3wrmf_,51.0,405
d4jx1f_,51.0,405
d4kkyx_,51.0,411
d1uf2c1,51.0,269
d1uf2d1,51.0,269
d1uf2e1,51.0,269
d1uf2f1,51.0,269
d1uf2g1,51.0,269
d1uf2h1,51.0,269
d1uf2i1,51.0,269
d1uf2j1,51.0,269
d1uf2p1,51.0,269
d1uf2q1,51.0,269
d1uf2r1,51.0,269
d1uf2s1,51.0,269
d1uf2t1,51.0,269
d6r3va_,51.0,198
d1am4a_,51.0,199
d1ow3a_,51.0,196
d1rgpa_,51.0,199
d1grnb_,51.0,197
d1am4b_,51.0,199
d1am4c_,51.0,199
d1wera_,51.0,324
d1wq1g_,51.0,320
d6t6ra4,51.0,321
d2jaka1,51.0,343
d5jjaa1,51.0,346
d5jjab_,51.0,347
d1xm9a1,51.0,457
d2yjya_,51.0,337
d2yjyb_,51.0,341
d1k8kg_,51.0,143
d1tyqg_,51.0,141
d1u2vg_,51.0,143
d2p9ig_,51.0,143
d2p9kg_,51.0,143
d2p9lg_,51.0,143
d2p9ng_,51.0,143
d2p9pg_,51.0,143
d2p9sg_,51.0,141
d2p9ug_,51.0,143
d3dxkg_,51.0,143
d3dxmg_,51.0,142
d3rseg_,51.0,142
d3ukrg_,51.0,143
d3ukug_,51.0,144
d3uleg_,51.0,143
d4jd2g_,51.0,143
d2ijpa_,51.0,225
d3efzc_,51.0,224
d6i57a1,51.0,121
d6iqqa_,51.0,257
d6iqsa_,51.0,256
d6iqua_,51.0,259
d1xnfa_,51.0,259
d5wqla1,51.0,269
d2fbna1,51.0,153
d1qz2a1,51.0,168
d6iqqb_,51.0,258
d6iqsb_,51.0,259
d1xnfb_,51.0,262
d5wqlb_,51.0,268
d2fbnb_,51.0,151
d1qz2b1,51.0,168
d1qz2c1,51.0,168
d5lp0a1,51.0,135
d5lp0b1,51.0,135
d5lp0c_,51.0,138
d5lp0d_,51.0,134
d5fkoa2,51.0,141
d6fpla2,51.0,141
d6rbla2,51.0,141
d6rbma2,51.0,141
d2dh0a2,51.0,101
d2zoza2,51.0,101
d1v7ba4,51.0,101
d2yvea2,51.0,101
d2zoya2,51.0,101
d2dh0b2,51.0,102
d2zozb2,51.0,102
d1v7bb4,51.0,100
d2yveb2,51.0,100
d2zoyb2,51.0,100
d4k7aa_,51.0,249
d4oeaa_,51.0,249
d4ogha_,51.0,249
d4oh5a_,51.0,249
d4ohaa_,51.0,249
d4oila_,51.0,249
d4oiua_,51.0,249
d2w8ya_,51.0,251
d3g8na_,51.0,251
d3g8oa_,51.0,251
d3zr7a_,51.0,250
d3zraa_,51.0,250
d3zrba_,51.0,250
d4a2ja_,51.0,250
d4apua_,51.0,250
d2bv8a_,50.0,162
d4f0ua_,50.0,160
d2vjrb_,50.0,172
d2vmlb_,50.0,172
d1jbob_,50.0,172
d1i7yb_,50.0,172
d1ktpb_,50.0,172
d1on7b_,50.0,172
d3o18b_,50.0,172
d3o2cb_,50.0,172
d4n6sb_,50.0,172
d6yqgb_,50.0,172
d6yyjb_,50.0,172
d3l0fb_,50.0,172
d4q70b_,50.0,172
d4z8kb_,50.0,172
d4zizb_,50.0,172
d5mjmb_,50.0,172
d5mjpb_,50.0,172
d5mjqb_,50.0,172
d5o7mb_,50.0,172
d5uvkb_,50.0,172
d6ypqb_,50.0,172
d6yq8b_,50.0,172
d4gxeb_,50.0,172
d4gy3b_,50.0,172
d2bv8c_,50.0,162
d4f0uc_,50.0,160
d2vmld_,50.0,172
d6yyjd_,50.0,172
d2bv8e_,50.0,162
d4f0ue_,50.0,160
d2vmlf_,50.0,172
d6yyjf_,50.0,172
d2vmlh_,50.0,172
d2vmlj_,50.0,172
d2bv8k_,50.0,162
d2vmll_,50.0,172
d2bv8m_,50.0,162
d2bv8o_,50.0,162
d5je8a2,50.0,128
d2w8za2,50.0,294
d2w90a2,50.0,294
d2p4qa2,50.0,301
d6aa8a2,50.0,97
d6acqa2,50.0,98
d5je8b2,50.0,129
d2w8zb2,50.0,293
d2w90b2,50.0,294
d6aa8b2,50.0,97
d6acqb2,50.0,97
d5je8c2,50.0,127
d6aa8c2,50.0,97
d6acqc2,50.0,98
d5je8d2,50.0,129
d6aa8d2,50.0,97
d6acqd2,50.0,98
d6acqe2,50.0,98
d6aa8e2,50.0,99
d6aa8f2,50.0,97
d6acqf2,50.0,98
d1teaa4,50.0,133
d1vpda1,50.0,133
d1wu5a_,50.0,376
d2drra_,50.0,376
d2drsa_,50.0,379
d3a3va_,50.0,376
d1wu4a1,50.0,376
d1wu6a1,50.0,376
d1w6ja1,50.0,449
d1w6ka1,50.0,449
d3cu7ae,50.0,325
d3cu7be,50.0,325
d4tvma_,50.0,422
d5kdya_,50.0,393
d4z5qa_,50.0,391
d5y1ia_,50.0,399
d6xa2a_,50.0,403
d5y1ib_,50.0,399
d6xa2b_,50.0,403
d6xa2c_,50.0,403
d6xa2d_,50.0,403
d6xa2e_,50.0,403
d6xa2f_,50.0,403
d6xa2g_,50.0,403
d6xa2h_,50.0,403
d6d2qa2,50.0,104
d5m6xa_,50.0,192
d5m70a_,50.0,192
d1tx4a_,50.0,196
d5m70f_,50.0,192
d5m6xh_,50.0,192
d2ii0a_,50.0,480
d5ovda_,50.0,485
d5ovea_,50.0,485
d5ovfa_,50.0,486
d5ovga_,50.0,482
d5ovha_,50.0,486
d5ovia_,50.0,479
d6scma_,50.0,480
d7avva_,50.0,478
d6sfra1,50.0,479
d7avsa1,50.0,479
d7avta1,50.0,479
d7avua1,50.0,479
d7avia1,50.0,481
d7avla1,50.0,481
d1xd4a2,50.0,477
d1xdva2,50.0,477
d6sfrb_,50.0,478
d7avlb_,50.0,478
d7avsb_,50.0,478
d7avtb_,50.0,478
d7avub_,50.0,478
d7avib1,50.0,481
d6bvib1,50.0,481
d6bvjb1,50.0,481
d6bvkb1,50.0,481
d6bvlb1,50.0,481
d6bvmb1,50.0,481
d6cuob1,50.0,481
d6cupb1,50.0,481
d6curb1,50.0,481
d6d55b1,50.0,481
d6d56b1,50.0,481
d6d59b1,50.0,481
d6d5eb1,50.0,481
d6d5gb1,50.0,481
d6d5hb1,50.0,481
d6d5jb1,50.0,481
d6d5lb1,50.0,481
d6v94b1,50.0,481
d6v9fb1,50.0,481
d6v9jb1,50.0,481
d6v9lb1,50.0,481
d6v9mb1,50.0,481
d6v9nb1,50.0,481
d6v9ob1,50.0,481
d1xd4b2,50.0,477
d1xdvb2,50.0,477
d1xd2c_,50.0,481
d5wfon_,50.0,481
d5wfpn_,50.0,481
d5wfqn_,50.0,481
d5wfrn_,50.0,481
d4urus_,50.0,479
d4urvs_,50.0,478
d4urws_,50.0,480
d4urxs_,50.0,480
d4urys_,50.0,480
d4urzs_,50.0,479
d4us0s_,50.0,480
d4us1s_,50.0,481
d4us2s_,50.0,481
d1bkds_,50.0,477
d1nvus_,50.0,481
d1nvvs_,50.0,481
d1nvws_,50.0,481
d1nvxs_,50.0,479
d4nyis_,50.0,481
d4nyjs_,50.0,481
d6d5ms_,50.0,481
d6d5vs_,50.0,480
d6d5ws_,50.0,481
d6epls_,50.0,482
d6epms_,50.0,482
d6epns_,50.0,482
d6epos_,50.0,482
d6epps_,50.0,482
d3bwta_,50.0,333
d3bx2a_,50.0,328
d3bx3a_,50.0,325
d3juia1,50.0,168
d3mdja4,50.0,320
d6q4ra4,50.0,323
d3bx2b_,50.0,323
d3mdjb4,50.0,320
d3qnfb4,50.0,321
d3mdjc4,50.0,320
d3qnfc4,50.0,323
d2wtka_,50.0,328
d1upka_,50.0,330
d1upla_,50.0,322
d4fzaa1,50.0,324
d1uplb_,50.0,324
d2wtkd_,50.0,327
d2i9ca1,50.0,121
d2xdta4,50.0,326
d2yd0a4,50.0,326
d3rjoa2,50.0,327
d5j5ea2,50.0,327
d1e7ua1,50.0,201
d1e7va1,50.0,201
d1e8wa1,50.0,201
d1e8xa1,50.0,201
d1e90a1,50.0,201
d1qmma3,50.0,201
d3ajca_,50.0,218
d4fhrb1,50.0,213
d1lkvx_,50.0,213
d2ajaa1,50.0,346
d2ajab_,50.0,355
d4cr2z2,50.0,319
d1qqea_,50.0,290
d4flba_,50.0,131
d1edua_,50.0,149
d1eyha_,50.0,144
d1h0aa_,50.0,158
d1inza1,50.0,144
d1c1ka_,50.0,217
d2xrla2,50.0,141
d4b1ra2,50.0,141
d4b3aa2,50.0,141
d5fkla2,50.0,141
d5fkma2,50.0,141
d5fkna2,50.0,141
d6fpma2,50.0,141
d6qjwa2,50.0,141
d6qjxa2,50.0,141
d6rcra2,50.0,141
d5fknb2,50.0,141
d2ax8a_,50.0,246
d1z95a_,50.0,246
d3aq5a_,49.0,117
d3aq6a_,49.0,117
d3aq9a_,49.0,117
d3aq5b_,49.0,117
d3aq6b_,49.0,117
d3aq9b_,49.0,117
d3mkba_,49.0,140
d3mkbc_,49.0,140
d2c7ja_,49.0,162
d2c7la_,49.0,162
d2j96a_,49.0,162
d2j96b_,49.0,162
d6l2ia2,49.0,143
d6l2ka2,49.0,143
d6l2ra2,49.0,143
d6l2sa2,49.0,143
d6l2za2,49.0,143
d6l2ib2,49.0,142
d6l2rb2,49.0,143
d6l2sb2,49.0,143
d6l2zb2,49.0,143
d6l2kb2,49.0,144
d5ziga_,49.0,404
d5zigb_,49.0,404
d5zigc_,49.0,399
d5zigd_,49.0,398
d5yxta_,49.0,379
d5yxtb_,49.0,379
d5yxtc_,49.0,379
d5yxtd_,49.0,379
d7ag4a_,49.0,413
d2rgka_,49.0,413
d2zbla1,49.0,412
d2afaa1,49.0,411
d2rgkb_,49.0,413
d7ag4b1,49.0,413
d2zblb1,49.0,413
d2afab2,49.0,411
d2rgkc_,49.0,413
d2zblc1,49.0,412
d7ag4c1,49.0,413
d2afac2,49.0,411
d2rgkd_,49.0,413
d2zbld1,49.0,412
d7ag4d1,49.0,413
d2afad2,49.0,411
d2rgke_,49.0,413
d2zble1,49.0,412
d7ag4e1,49.0,413
d2afae2,49.0,411
d2rgkf_,49.0,413
d2zblf1,49.0,412
d7ag4f1,49.0,413
d2afaf2,49.0,411
d3g4da1,49.0,202
d3g4fa1,49.0,202
d5jo7a1,49.0,191
d3g4fb1,49.0,202
d3g4db1,49.0,199
d5jo7b1,49.0,190
d5jo7c1,49.0,189
d5jo7d1,49.0,183
d1nxea_,49.0,426
d1nxga_,49.0,426
d1ioma_,49.0,374
d1ixea_,49.0,374
d1nxeb_,49.0,426
d1nxgb_,49.0,426
d1ixeb_,49.0,374
d1ixec_,49.0,374
d1ixed_,49.0,374
d6fsha_,49.0,392
d3nc3a_,49.0,399
d3nc5a_,49.0,398
d3nc6a_,49.0,399
d6m4sa_,49.0,407
d2fr7a_,49.0,397
d4dnja_,49.0,399
d2wuza_,49.0,450
d2wx2a_,49.0,452
d3k1oa_,49.0,448
d3khma_,49.0,456
d3kswa_,49.0,448
d3zg2a_,49.0,451
d3zg3a_,49.0,450
d4c27a_,49.0,450
d4c28a_,49.0,449
d4coha_,49.0,449
d6fmoa_,49.0,448
d4h6oa1,49.0,449
d4by0a1,49.0,445
d4uvra1,49.0,445
d4bmma1,49.0,446
d4ck9a1,49.0,446
d4ckaa1,49.0,446
d4uqha1,49.0,446
d4c0ca1,49.0,447
d4ck8a1,49.0,447
d5ajra1,49.0,447
d6fshb_,49.0,393
d3nc3b_,49.0,400
d3nc5b_,49.0,398
d3nc6b_,49.0,401
d2wuzb_,49.0,453
d4c27b_,49.0,449
d4c28b_,49.0,448
d4cohb_,49.0,452
d6fmob_,49.0,448
d2wx2b1,49.0,454
d4by0b1,49.0,445
d4bmmb1,49.0,446
d4ck8b1,49.0,447
d6fshc_,49.0,392
d6fmoc_,49.0,448
d4bmmc1,49.0,446
d6fshd_,49.0,392
d6fmod_,49.0,448
d4bmmd1,49.0,446
d3bx3b_,49.0,300
d1w9ca_,49.0,321
d1w9cb_,49.0,321
d3jb9x2,49.0,377
d6ixoa_,49.0,412
d6ixpa_,49.0,415
d6ixqa_,49.0,415
d6ixra_,49.0,414
d6ixpd_,49.0,415
d1ku1a1,49.0,189
d1ku1b1,49.0,189
d5n6na_,49.0,231
d6qk8a_,49.0,233
d5n6nb_,49.0,231
d6qk8b_,49.0,231
d6qk8c_,49.0,229
d6qk8d_,49.0,232
d3raua_,49.0,358
d5crua_,49.0,360
d5mjza_,49.0,361
d3raub_,49.0,357
d5crub_,49.0,357
d5mjzb_,49.0,359
d5cruc_,49.0,360
d5crud_,49.0,357
d1kt0a1,49.0,159
d1t73a_,49.0,250
d1t74a_,49.0,249
d1t76a_,49.0,249
d1t79a_,49.0,250
d1t7fa_,49.0,250
d1t7ma_,49.0,249
d1t7ra_,49.0,250
d1t7ta_,49.0,250
d1e3ga_,49.0,250
d1t5za_,49.0,250
d1t63a_,49.0,250
d1t65a_,49.0,251
d1xowa_,49.0,249
d1xq3a_,49.0,249
d2am9a_,49.0,250
d2amaa_,49.0,249
d2amba_,49.0,249
d2ao6a_,49.0,248
d2ax6a_,49.0,247
d2ax7a_,49.0,246
d2ax9a_,49.0,246
d2axaa_,49.0,246
d2hvca_,49.0,250
d2oz7a_,49.0,249
d2pioa_,49.0,248
d2piqa_,49.0,249
d2pira_,49.0,250
d2pita_,49.0,250
d2piua_,49.0,248
d2piva_,49.0,249
d2piwa_,49.0,248
d2pixa_,49.0,248
d2pkla_,49.0,249
d2pnua_,49.0,250
d2q7ia_,49.0,249
d2q7ja_,49.0,249
d2q7ka_,49.0,249
d2q7la_,49.0,249
d2yhda_,49.0,249
d2z4ja_,49.0,248
d3b5ra_,49.0,247
d3b65a_,49.0,247
d3b66a_,49.0,247
d3b67a_,49.0,247
d3b68a_,49.0,247
d3rlja_,49.0,247
d3rlla_,49.0,246
d4hlwa_,49.0,250
d4ql8a_,49.0,247
d4u4ka_,49.0,250
d5jjma_,49.0,252
d5t8ea_,49.0,249
d5t8ja_,49.0,249
d5v8qa_,49.0,249
d5vo4a_,49.0,250
d2qpya_,49.0,248
d1i37a_,49.0,246
d1i38a_,49.0,247
d1xnna_,49.0,247
d2ihqa_,49.0,248
d2nw4a_,49.0,248
d3g0wa_,49.0,249
d3zqta_,49.0,250
d2yloa_,49.0,250
d2ylpa_,49.0,249
d2ylqa_,49.0,249
d2r40a_,49.0,250
d6td7a_,48.0,126
d3aq7a_,48.0,117
d3aq7b_,48.0,117
d2zfod_,48.0,145
d2zs0d_,48.0,145
d2zs1d_,48.0,145
d1dlya_,48.0,121
d1uvxa_,48.0,121
d1gcva_,48.0,140
d1gcwa_,48.0,140
d1gcvc_,48.0,140
d1gcwc_,48.0,140
d1yb4a2,48.0,131
d2zyaa2,48.0,290
d2zyda2,48.0,290
d3fwna2,48.0,292
d2iyoa2,48.0,293
d2iypa2,48.0,293
d2iz0a2,48.0,293
d2iz1a2,48.0,293
d1yb4b2,48.0,131
d2zyab2,48.0,291
d2zydb2,48.0,291
d3fwnb2,48.0,292
d2iypb2,48.0,293
d2iz0b2,48.0,293
d2iz1b2,48.0,293
d2iypc2,48.0,293
d2iz0c2,48.0,293
d2iz1c2,48.0,293
d2xfga1,48.0,444
d2droa_,48.0,376
d2drqa_,48.0,379
d4tvfa_,48.0,393
d4tx3a_,48.0,393
d5l92a_,48.0,389
d5l94a_,48.0,388
d5hdia_,48.0,399
d4ubsa_,48.0,393
d6vxva_,48.0,396
d6vzaa_,48.0,396
d6w0sa_,48.0,397
d6xaia_,48.0,399
d6xaja_,48.0,398
d6xaka_,48.0,398
d6xala_,48.0,398
d6xama_,48.0,398
d5l91a1,48.0,388
d5l90a1,48.0,384
d3l4da1,48.0,445
d5l92b_,48.0,386
d5l94b_,48.0,382
d5hdib_,48.0,396
d6w0sb_,48.0,396
d6xaib_,48.0,399
d6xakb_,48.0,399
d5l91b1,48.0,387
d5l90b1,48.0,384
d3l4db1,48.0,445
d3l4dc1,48.0,445
d3l4dd1,48.0,445
d3g9wa1,48.0,114
d3g9wb1,48.0,107
d7e58a2,48.0,302
d7e58b2,48.0,302
d2ovja1,48.0,199
d3w6ra1,48.0,199
d1nf1a_,48.0,324
d3se6a4,48.0,323
d4jbsa4,48.0,323
d5cu5a4,48.0,323
d5j6sa4,48.0,323
d5k1va4,48.0,323
d6ea4a4,48.0,323
d3se6b4,48.0,323
d4jbsb4,48.0,323
d5cu5b4,48.0,323
d5j6sb4,48.0,323
d5k1vb3,48.0,323
d6ea4b4,48.0,323
d1ib2a_,48.0,322
d1ib3a_,48.0,335
d1m8wa_,48.0,340
d1m8xa_,48.0,341
d1m8ya_,48.0,341
d1m8za_,48.0,339
d3bsba_,48.0,340
d3bsxa_,48.0,341
d3q0la_,48.0,341
d3q0ma_,48.0,337
d3q0na_,48.0,341
d3q0oa_,48.0,341
d3q0pa_,48.0,341
d1m8wb_,48.0,341
d1m8xb_,48.0,341
d1m8yb_,48.0,342
d3bsbb_,48.0,341
d3bsxb_,48.0,340
d3q0lb_,48.0,340
d3q0mb_,48.0,338
d3q0nb_,48.0,340
d3q0ob_,48.0,341
d3q0pb_,48.0,340
d1qsaa1,48.0,450
d1qtea1,48.0,450
d1slya1,48.0,450
d2c0la_,48.0,305
d2c0ma_,48.0,319
d1fcha_,48.0,323
d2buga1,48.0,130
d2j9qa2,48.0,325
d2c0mb_,48.0,319
d2j9qb_,48.0,287
d3imzb_,48.0,315
d3r9ab_,48.0,315
d4kxkb_,48.0,315
d4kyob_,48.0,315
d1fchb_,48.0,318
d2c0mc_,48.0,318
d3imzd_,48.0,316
d3r9ad_,48.0,316
d4kxkd_,48.0,315
d4kyod_,48.0,315
d2c0mf_,48.0,318
d2i6ha1,48.0,179
d2i6hb_,48.0,176
d3ldza_,48.0,140
d3ldzb_,48.0,140
d3ldzc_,48.0,140
d3ldzd_,48.0,140
d1juqa_,48.0,151
d1lf8a_,48.0,151
d1jpla1,48.0,157
d1jplb1,48.0,156
d1juqb1,48.0,157
d1lf8b1,48.0,157
d1juqc_,48.0,149
d1lf8c_,48.0,149
d1jplc1,48.0,156
d1jpld1,48.0,157
d1juqd1,48.0,157
d1lf8d1,48.0,157
d2q60a_,48.0,221
d2q60b_,48.0,219
d2q60c_,48.0,221
d2q60d_,48.0,220
d2gl8a_,48.0,214
d4xdia_,47.0,127
d6ciia_,47.0,124
d4xxia_,47.0,147
d4xxka1,47.0,148
d4xdib_,47.0,123
d4xxib_,47.0,146
d4xxkb_,47.0,147
d1b33b_,47.0,161
d3brpb_,47.0,170
d3kvsb_,47.0,170
d1f99b_,47.0,172
d1b33d_,47.0,161
d1b33f_,47.0,161
d1b33i_,47.0,161
d1b33k_,47.0,161
d1f99l_,47.0,172
d1b33m_,47.0,161
d1f99n_,47.0,172
d6fqxa2,47.0,293
d6fqya2,47.0,293
d6fqza2,47.0,293
d2zyga2,47.0,292
d6fqxb2,47.0,293
d6fqyb2,47.0,293
d6fqzb2,47.0,293
d2zygb2,47.0,291
d6fqxc2,47.0,293
d6fqxd2,47.0,293
d6fqxe2,47.0,293
d6fqxf2,47.0,293
d6fqxg2,47.0,293
d6fqxh2,47.0,293
d1pgja1,47.0,300
d1pgjb1,47.0,300
d3fr7a2,47.0,273
d3fr8a2,47.0,274
d3fr7b2,47.0,268
d3fr8b2,47.0,286
d1hn0a1,47.0,384
d1w6ja2,47.0,279
d1w6ka2,47.0,279
d2g0da_,47.0,409
d2g02a1,47.0,409
d2h12a_,47.0,426
d2h12b_,47.0,426
d2h12c_,47.0,426
d2h12d_,47.0,426
d2h12e_,47.0,426
d2h12f_,47.0,426
d3mgxa_,47.0,391
d4ep6a_,47.0,392
d6f0ba_,47.0,383
d6f0ca_,47.0,383
d3mgxb_,47.0,391
d5ijma1,47.0,96
d1wbba1,47.0,297
d1wbda1,47.0,297
d6i5fa3,47.0,297
d1wbbb2,47.0,297
d1wbdb2,47.0,297
d6i5fb3,47.0,297
d1e3ma1,47.0,297
d1ng9a1,47.0,297
d1oh5a1,47.0,297
d1oh6a1,47.0,297
d1oh7a1,47.0,297
d1oh8a1,47.0,297
d1w7aa1,47.0,297
d1wb9a1,47.0,297
d1e3mb1,47.0,297
d1ng9b1,47.0,297
d1oh5b1,47.0,297
d1oh6b1,47.0,297
d1oh7b1,47.0,297
d1oh8b1,47.0,297
d1w7ab1,47.0,297
d1paqa_,47.0,161
d2f0ya_,47.0,314
d1jcqa_,47.0,313
d1ld7a_,47.0,313
d1ld8a_,47.0,313
d1mzca_,47.0,313
d1s63a_,47.0,315
d1sa4a_,47.0,315
d1tn6a_,47.0,315
d2ieja_,47.0,315
d3e37a_,47.0,315
d2h6fa1,47.0,315
d2h6ga1,47.0,315
d2h6ha1,47.0,315
d2h6ia1,47.0,315
d3efza1,47.0,223
d6zbka_,47.0,117
d6fd7a1,47.0,123
d2hr2a1,47.0,156
d2hr2b_,47.0,157
d2hr2c_,47.0,157
d2hr2d_,47.0,157
d2hr2e_,47.0,157
d2hr2f_,47.0,156
d4ac0a2,47.0,136
d4d5ca2,47.0,138
d3kvsa_,46.0,161
d1cpca_,46.0,162
d1jboa_,46.0,162
d1i7ya_,46.0,162
d1ktpa_,46.0,162
d1on7a_,46.0,162
d3o18a_,46.0,162
d3o2ca_,46.0,162
d4gxea_,46.0,162
d4gy3a_,46.0,162
d4n6sa_,46.0,162
d6yqga_,46.0,162
d6yyja_,46.0,162
d3l0fa_,46.0,162
d4q70a_,46.0,162
d4z8ka_,46.0,162
d4ziza_,46.0,162
d5mjma_,46.0,162
d5mjpa_,46.0,162
d5mjqa_,46.0,162
d5o7ma_,46.0,162
d5uvka_,46.0,162
d6ypqa_,46.0,162
d6yq8a_,46.0,162
d1phnb_,46.0,172
d6yyjc_,46.0,162
d6yyje_,46.0,162
d1cpck_,46.0,162
d1evya1,46.0,160
d1evza1,46.0,160
d1jdja1,46.0,160
d1m66a1,46.0,160
d1m67a1,46.0,160
d1n1ea1,46.0,160
d1n1ga1,46.0,160
d1n1eb1,46.0,160
d2gz6a_,46.0,386
d2gz6b_,46.0,385
d1owba_,46.0,426
d1owca_,46.0,426
d1owbb_,46.0,426
d1owcb_,46.0,426
d2x5la_,46.0,414
d2x5wa_,46.0,409
d2xc3a_,46.0,414
d2xn8a_,46.0,413
d3ivya_,46.0,408
d3iw0a_,46.0,407
d3iw1a_,46.0,407
d3iw2a_,46.0,407
d6vzba_,46.0,396
d1d2ta_,46.0,224
d1eoia_,46.0,222
d1eoib_,46.0,222
d1eoic_,46.0,222
d4xzrb1,46.0,422
d2c1ta_,46.0,423
d5h2wa_,46.0,421
d5h2xa_,46.0,423
d1bk5a_,46.0,422
d1bk6a_,46.0,422
d1ee4a_,46.0,423
d1ee5a_,46.0,421
d1un0a_,46.0,440
d4pvza_,46.0,422
d2c1tb_,46.0,423
d1bk5b_,46.0,422
d1bk6b_,46.0,422
d1ee4b_,46.0,423
d1un0b_,46.0,439
d1wa5b_,46.0,506
d4pvzb_,46.0,422
d5h2wc_,46.0,421
d1oxja2,46.0,108
d1h6ka3,46.0,296
d1n52a3,46.0,310
d1n54a3,46.0,310
d1h6kb3,46.0,296
d1h2vc3,46.0,310
d1h6kc3,46.0,296
d1ouva1,46.0,263
d3pz4a_,46.0,315
d1d8da_,46.0,323
d1d8ea_,46.0,323
d1fppa_,46.0,316
d1ft1a_,46.0,315
d1ft2a_,46.0,315
d1jcra_,46.0,323
d1jcsa_,46.0,323
d1kzoa_,46.0,323
d1kzpa_,46.0,323
d1n4pa_,46.0,314
d1n4qa_,46.0,314
d1n4ra_,46.0,314
d1n4sa_,46.0,314
d1n94a_,46.0,315
d1n95a_,46.0,312
d1n9aa_,46.0,312
d1ni1a_,46.0,312
d1nl4a_,46.0,312
d1o1ra_,46.0,315
d1o1sa_,46.0,315
d1o1ta_,46.0,315
d1o5ma_,46.0,315
d1qbqa_,46.0,312
d1s64a_,46.0,314
d1sa5a_,46.0,323
d1tn7a_,46.0,323
d1tn8a_,46.0,323
d1tnba_,46.0,314
d1tnoa_,46.0,314
d1tnua_,46.0,314
d1tnya_,46.0,314
d1tnza_,46.0,314
d1x81a_,46.0,315
d2beda_,46.0,313
d2r2la_,46.0,315
d2zira_,46.0,314
d2zisa_,46.0,314
d3e30a_,46.0,323
d3e32a_,46.0,323
d3e33a_,46.0,323
d3e34a_,46.0,323
d3eu5a_,46.0,315
d3euva_,46.0,315
d3ksla_,46.0,315
d3ksqa_,46.0,315
d4gtma_,46.0,318
d4gtoa_,46.0,317
d4gtpa_,46.0,315
d4gtqa_,46.0,315
d4gtra_,46.0,315
d3dpya1,46.0,323
d1n4pc_,46.0,314
d1n4qc_,46.0,314
d1n4rc_,46.0,314
d1n4sc_,46.0,314
d1s64c_,46.0,314
d1tnbc_,46.0,314
d1tnoc_,46.0,314
d1tnuc_,46.0,314
d1tnyc_,46.0,314
d1tnzc_,46.0,314
d1n4pe_,46.0,314
d1n4qe_,46.0,314
d1n4re_,46.0,314
d1n4se_,46.0,314
d1s64e_,46.0,314
d1tnbe_,46.0,314
d1tnoe_,46.0,314
d1tnue_,46.0,314
d1tnye_,46.0,314
d1tnze_,46.0,314
d1n4pg_,46.0,314
d1n4qg_,46.0,314
d1n4rg_,46.0,314
d1n4sg_,46.0,314
d1s64g_,46.0,314
d1tnbg_,46.0,314
d1tnog_,46.0,314
d1tnug_,46.0,314
d1tnyg_,46.0,314
d1tnzg_,46.0,314
d1n4pi_,46.0,314
d1n4qi_,46.0,314
d1n4ri_,46.0,314
d1n4si_,46.0,314
d1s64i_,46.0,314
d1tnbi_,46.0,314
d1tnoi_,46.0,314
d1tnui_,46.0,314
d1tnyi_,46.0,314
d1tnzi_,46.0,314
d1n4pk_,46.0,314
d1n4qk_,46.0,314
d1n4rk_,46.0,314
d1n4sk_,46.0,314
d1s64k_,46.0,314
d1tnbk_,46.0,314
d1tnok_,46.0,314
d1tnuk_,46.0,314
d1tnyk_,46.0,314
d1tnzk_,46.0,314
d2np3a2,46.0,112
d2ns7a2,46.0,139
d2gfna2,46.0,119
d2np3b2,46.0,111
d2ns7b2,46.0,137
d2gfnb2,46.0,119
d2ns7c2,46.0,135
d2ns7d2,46.0,138
d3f5ca_,46.0,243
d3cjwa1,46.0,233
d3ltxb_,46.0,227
d4n1yb_,46.0,227
d1gs4a_,46.0,248
d5m24a_,46.0,236
d1kn1a_,45.0,160
d1f99a_,45.0,162
d2uulh_,45.0,172
d1f99k_,45.0,162
d1f99m_,45.0,162
d3p4rb2,45.0,138
d3p4sb2,45.0,138
d3p4pb2,45.0,138
d1kf6b1,45.0,138
d1kfyb1,45.0,138
d1l0vb1,45.0,138
d2b76b1,45.0,138
d3cirb1,45.0,138
d4kx6b2,45.0,138
d3p4rn2,45.0,138
d3p4sn2,45.0,138
d3p4pn2,45.0,138
d1kf6n1,45.0,138
d1kfyn1,45.0,138
d1l0vn1,45.0,138
d2b76n1,45.0,138
d3cirn1,45.0,138
d4kx6n2,45.0,138
d1gt8a1,45.0,182
d1gtea1,45.0,182
d1gtha1,45.0,182
d1h7wa1,45.0,182
d1h7xa1,45.0,182
d7ljsa1,45.0,182
d7ljta1,45.0,182
d7ljua1,45.0,182
d7m32a1,45.0,181
d1gt8b1,45.0,182
d1gteb1,45.0,182
d1gthb1,45.0,182
d1h7wb1,45.0,182
d1h7xb1,45.0,182
d7ljsb1,45.0,181
d7ljtb1,45.0,181
d7ljub1,45.0,181
d7m32b1,45.0,181
d1gt8c1,45.0,182
d1gtec1,45.0,182
d1gthc1,45.0,182
d1h7wc1,45.0,182
d1h7xc1,45.0,182
d7ljsc1,45.0,182
d7ljtc1,45.0,181
d7ljuc1,45.0,181
d7m32c1,45.0,181
d1gt8d1,45.0,182
d1gted1,45.0,182
d1gthd1,45.0,182
d1h7wd1,45.0,182
d1h7xd1,45.0,182
d7ljsd1,45.0,182
d7ljtd1,45.0,181
d7ljud1,45.0,181
d7m32d1,45.0,181
d1xc2a4,45.0,111
d1yqga1,45.0,111
d2ag8a1,45.0,111
d1js4a1,45.0,460
d1tf4a1,45.0,460
d3tf4a1,45.0,460
d4tf4a1,45.0,460
d1js4b1,45.0,460
d1tf4b1,45.0,460
d3tf4b1,45.0,460
d4tf4b1,45.0,460
d3ew4a1,45.0,351
d4f13a1,45.0,351
d3ew4b1,45.0,351
d4f13b1,45.0,351
d4rnqa1,45.0,208
d5dhia1,45.0,208
d5dhka1,45.0,208
d5ik0a1,45.0,208
d5ik6a1,45.0,208
d5ik9a1,45.0,208
d5ikaa1,45.0,208
d5ikha1,45.0,208
d5il3a1,45.0,208
d5il8a1,45.0,208
d5ilda1,45.0,208
d5ilha1,45.0,208
d5ilia1,45.0,208
d5ilja1,45.0,208
d5ilka1,45.0,208
d5ilya1,45.0,208
d5ilza1,45.0,208
d5im1a1,45.0,208
d3m00a1,45.0,207
d3m01a1,45.0,207
d3m02a1,45.0,207
d3lz9a1,45.0,206
d4di5a1,45.0,207
d1hxga1,45.0,206
d5eata1,45.0,204
d1hx9a1,45.0,200
d1hxaa1,45.0,200
d1hxca1,45.0,200
d5eaua1,45.0,200
d5easa1,45.0,197
d5l1oa_,45.0,397
d5l1pa_,45.0,397
d5l1qa_,45.0,397
d5l1ra_,45.0,397
d5l1ta_,45.0,397
d5l1ua_,45.0,397
d5l1va_,45.0,397
d5l1wa_,45.0,397
d6j94a_,45.0,457
d6j95a_,45.0,454
d6l8ia_,45.0,455
d6l8ja_,45.0,453
d3buja1,45.0,396
d2iaga1,45.0,478
d3b6ha1,45.0,478
d6j94b_,45.0,457
d2iagb1,45.0,478
d3b6hb1,45.0,478
d3dl9a2,45.0,464
d2ojda1,45.0,463
d2ojdb1,45.0,463
d3c6gb2,45.0,463
d3dl9b2,45.0,463
d2j0ma1,45.0,123
d4ny0a2,45.0,123
d3zdtb2,45.0,123
d4ny0b2,45.0,123
d4ny0d2,45.0,123
d2aeha1,45.0,123
d2al6a1,45.0,123
d2aehb1,45.0,123
d2al6b1,45.0,123
d1iw8a_,45.0,222
d1iw8b_,45.0,225
d1iw8c_,45.0,222
d1iw8d_,45.0,222
d1iw8e_,45.0,221
d1iw8f_,45.0,223
d4jspa3,45.0,617
d1o9ca_,45.0,236
d1o9da_,45.0,236
d1o9ea_,45.0,236
d1o9fa_,45.0,236
d3m50a_,45.0,232
d2o98a_,45.0,240
d2o98b_,45.0,237
d3e6yb_,45.0,237
d4cr2p1,45.0,298
d1hx8a2,45.0,140
d1hx8b2,45.0,141
d1rkta2,45.0,123
d1t33a2,45.0,132
d1rktb2,45.0,123
d1t33b2,45.0,132
d3k22a_,45.0,251
d3k23a_,45.0,252
d5v3ua_,44.0,131
d5v3ub_,44.0,123
d3brpa_,44.0,159
d1phna_,44.0,162
d1lj8a3,44.0,206
d1m2wa3,44.0,206
d1m2wb3,44.0,206
d5z66a_,44.0,512
d5z6ha_,44.0,512
d5z6hb_,44.0,512
d3rwla_,44.0,411
d5l1sa_,44.0,397
d4fxba_,44.0,394
d3tywa1,44.0,395
d4fxbb_,44.0,393
d3tywb1,44.0,395
d3tywc1,44.0,395
d3tywd1,44.0,395
d4l4aa_,44.0,405
d4l4ba_,44.0,405
d4l4ca_,44.0,405
d4l4ea_,44.0,405
d4l4fa_,44.0,405
d4l4ga_,44.0,405
d3g5na1,44.0,465
d3kw4a1,44.0,465
d1po5a1,44.0,464
d1suoa1,44.0,464
d2bdma2,44.0,464
d2q6na1,44.0,464
d3mvra1,44.0,464
d3r1ba1,44.0,464
d3tmza1,44.0,464
d3uasa1,44.0,464
d4jlta1,44.0,464
d4gqsa1,44.0,461
d4l4cb_,44.0,405
d2q6nb1,44.0,464
d3g5nb1,44.0,464
d3mvrb1,44.0,464
d3r1bb1,44.0,464
d4gqsb1,44.0,461
d3g5nc1,44.0,466
d2q6nc1,44.0,464
d3r1bc1,44.0,464
d4gqsc1,44.0,461
d3r1bd_,44.0,464
d2q6nd1,44.0,464
d3g5nd1,44.0,464
d4gqsd1,44.0,461
d2q6ne1,44.0,464
d2q6nf1,44.0,464
d2q6ng1,44.0,464
d3qija2,44.0,106
d3qijb2,44.0,106
d1gg3a1,44.0,106
d1gg3b1,44.0,106
d1gg3c1,44.0,106
d3wpqa_,44.0,200
d3wpsa_,44.0,201
d5c2ja_,44.0,201
d3wpqb_,44.0,198
d3wpsb_,44.0,201
d5aena3,44.0,150
d5fwqa3,44.0,150
d6enca3,44.0,150
d6enda3,44.0,150
d7auza3,44.0,150
d7av0a3,44.0,150
d7av1a3,44.0,150
d7av2a3,44.0,150
d1ug3a1,44.0,193
d1uw4b_,44.0,248
d1ug3b1,44.0,194
d1uw4d_,44.0,248
d2b6ca1,44.0,213
d2b6cb_,44.0,215
d3u9wa3,44.0,150
d3chqa1,44.0,149
d3fh5a3,44.0,149
d3ftua3,44.0,149
d3ftya3,44.0,149
d3ftza3,44.0,149
d3fu3a3,44.0,149
d3fu5a3,44.0,149
d3fu6a3,44.0,149
d3fuda3,44.0,149
d3fuja3,44.0,149
d3fula3,44.0,149
d3fuma3,44.0,149
d3funa3,44.0,149
d4r7la3,44.0,149
d5n3wa3,44.0,149
d5ni2a3,44.0,149
d5ni4a3,44.0,149
d5niaa3,44.0,149
d5nida3,44.0,149
d1gw6a1,44.0,150
d1h19a1,44.0,150
d1hs6a1,44.0,150
d2r59a1,44.0,150
d2vj8a1,44.0,150
d3b7sa1,44.0,150
d3b7ta1,44.0,150
d3choa1,44.0,150
d3chpa1,44.0,150
d3chra1,44.0,150
d3chsa1,44.0,150
d3fh7a3,44.0,150
d3fh8a3,44.0,150
d3fhea3,44.0,150
d3ftsa3,44.0,150
d3ftva3,44.0,150
d3ftwa3,44.0,150
d3ftxa3,44.0,150
d3fu0a3,44.0,150
d3fuea3,44.0,150
d3fufa3,44.0,150
d3fuha3,44.0,150
d3fuia3,44.0,150
d3fuka3,44.0,150
d4dpra3,44.0,150
d4l2la3,44.0,150
d4mkta3,44.0,150
d4ms6a3,44.0,150
d4rsya3,44.0,150
d4rvba3,44.0,150
d5bppa3,44.0,150
d5ni6a3,44.0,150
d6o5ha3,44.0,150
d5ni4b3,44.0,149
d6o5hb3,44.0,150
d5ni4c3,44.0,149
d6o5hc3,44.0,150
d3b7rl1,44.0,150
d3b7ux1,44.0,150
d2vyia_,44.0,131
d2vyib_,44.0,124
d3d9ia1,44.0,135
d3d9ja1,44.0,135
d3d9oa1,44.0,135
d2diwa1,44.0,139
d3d9ib1,44.0,136
d3d9ob1,44.0,136
d3d9jb1,44.0,135
d1z77a2,44.0,125
d1zkga2,44.0,125
d2id6a2,44.0,125
d2ieka2,44.0,125
d3ih2a2,44.0,125
d3ih3a2,44.0,125
d3ih4a2,44.0,125
d4i76a2,44.0,125
d1zkgb2,44.0,125
d4i76b2,44.0,125
d3ltxa_,44.0,226
d4n1ya_,44.0,226
d3ltxc_,44.0,224
d4n1yc_,44.0,224
d3ltxd_,44.0,226
d4n1yd_,44.0,226
d4is8a_,44.0,239
d2qrwa_,43.0,126
d2qrwb_,43.0,127
d2qrwc_,43.0,127
d2qrwd_,43.0,126
d2qrwe_,43.0,126
d2qrwf_,43.0,126
d2qrwg_,43.0,127
d2qrwh_,43.0,127
d2qrwi_,43.0,127
d2qrwj_,43.0,126
d2qrwk_,43.0,127
d2qrwl_,43.0,126
d4h0ma_,43.0,162
d4f0ta_,43.0,162
d3dbja_,43.0,160
d4rmpa1,43.0,153
d4h0mc_,43.0,162
d3dbjc_,43.0,160
d4h0me_,43.0,162
d3dbje_,43.0,160
d4h0mg_,43.0,162
d3dbjg_,43.0,160
d4h0mi_,43.0,162
d4h0mk_,43.0,162
d4h0mm_,43.0,162
d4h0mo_,43.0,162
d4h0mq_,43.0,162
d4h0ms_,43.0,162
d4h0mu_,43.0,162
d4h0mw_,43.0,162
d2rcya2,43.0,106
d2rcyb2,43.0,106
d2rcyc2,43.0,106
d2rcyd2,43.0,106
d2rcye2,43.0,106
d2f1ka1,43.0,114
d2f1kb1,43.0,114
d2f1kc1,43.0,113
d2f1kd1,43.0,114
d3l98a_,43.0,426
d3l99a_,43.0,426
d1k3pa_,43.0,426
d3l96a_,43.0,426
d3l97a_,43.0,426
d4g6ba_,43.0,426
d4jada_,43.0,426
d4jaea_,43.0,426
d4jafa_,43.0,426
d4jaga_,43.0,426
d3l98b_,43.0,426
d3l99b_,43.0,426
d1k3pb_,43.0,426
d3l96b_,43.0,426
d3l97b_,43.0,426
d4g6bb_,43.0,426
d4jadb_,43.0,426
d4jaeb_,43.0,426
d4jafb_,43.0,426
d4jagb_,43.0,426
d3c6ga1,43.0,462
d3czha1,43.0,462
d3czhb1,43.0,462
d2hrja_,43.0,121
d4f7ga1,43.0,100
d1y19b1,43.0,100
d1y19d1,43.0,100
d1y19f1,43.0,100
d1y19h1,43.0,100
d1y19j1,43.0,100
d1y19l1,43.0,100
d2ggfa1,43.0,124
d1bpoa1,43.0,157
d1bpob1,43.0,163
d1bpoc1,43.0,157
d3q0qa_,43.0,343
d3q0ra_,43.0,343
d3q0sa_,43.0,343
d3gvoa_,43.0,342
d3gvta_,43.0,342
d3gvtb_,43.0,342
d2a9ua1,43.0,134
d2a9ub_,43.0,127
d1lsha1,43.0,336
d4l9pa_,43.0,347
d4lnba_,43.0,347
d4lnga_,43.0,347
d4mbga_,43.0,347
d1a17a_,43.0,159
d1rz4a2,43.0,130
d5woza1,43.0,127
d2km4a1,43.0,130
d3tx7b_,43.0,240
d1yoka_,43.0,239
d1yuca_,43.0,240
d1zdua_,43.0,240
d3plza_,43.0,239
d2xyka_,42.0,129
d2xykb_,42.0,130
d2bkma_,42.0,128
d2gkma_,42.0,127
d2gl3a_,42.0,128
d2bkmb_,42.0,128
d2gkmb_,42.0,126
d2gl3b_,42.0,127
d1b33a_,42.0,160
d2vjta_,42.0,160
d2vjtb_,42.0,161
d2uunb_,42.0,172
d2uulb_,42.0,172
d2bv8b_,42.0,172
d1b33c_,42.0,160
d2bv8d_,42.0,172
d1b33e_,42.0,160
d2uunf_,42.0,172
d2uulf_,42.0,172
d2bv8f_,42.0,172
d1b33h_,42.0,160
d2uunh_,42.0,172
d1b33j_,42.0,160
d2uunj_,42.0,172
d2uulj_,42.0,172
d1b33l_,42.0,160
d2uunl_,42.0,172
d2uull_,42.0,172
d2bv8l_,42.0,172
d2uunn_,42.0,172
d2uuln_,42.0,172
d2bv8n_,42.0,172
d2uunp_,42.0,172
d2uulp_,42.0,172
d2bv8p_,42.0,172
d2uunr_,42.0,172
d2uulr_,42.0,172
d2uunt_,42.0,172
d2uult_,42.0,172
d2uunv_,42.0,172
d2uulv_,42.0,172
d2uunx_,42.0,172
d2uulx_,42.0,172
d3g0oa2,42.0,123
d4dyda2,42.0,94
d4e12a2,42.0,94
d4e13a2,42.0,94
d4im7a2,42.0,207
d1hv6a_,42.0,351
d1qaza_,42.0,351
d3evha1,42.0,351
d3evla1,42.0,351
d4e1ya1,42.0,351
d4f10a1,42.0,351
d3evlb1,42.0,350
d3evhb1,42.0,351
d4e1yb1,42.0,351
d4f10b1,42.0,351
d6hqga_,42.0,419
d2jjna_,42.0,395
d2jjoa_,42.0,393
d2jjpa_,42.0,397
d2vrva_,42.0,391
d2wioa_,42.0,393
d2xfha_,42.0,394
d3zkpa_,42.0,391
d5it1a_,42.0,395
d3abaa1,42.0,393
d3e5ja1,42.0,393
d3e5la1,42.0,393
d3e5ka1,42.0,391
d6hqgb_,42.0,419
d5it1b_,42.0,395
d6hqgc_,42.0,419
d5it1c_,42.0,395
d6hqgd_,42.0,419
d5it1d_,42.0,395
d1mixa1,42.0,114
d4gaaa3,42.0,150
d4gaab3,42.0,149
d5niea3,42.0,149
d1sqma1,42.0,150
d5nieb3,42.0,149
d5niec3,42.0,149
d1wao11,42.0,153
d1wao21,42.0,153
d1wao31,42.0,153
d1wao41,42.0,153
d2pqna_,42.0,126
d1y8ma1,42.0,138
d1iipa1,42.0,102
d1ihga1,42.0,169
d3o48a1,42.0,123
d2pqrb_,42.0,124
d1jwfa_,42.0,139
d1jwga_,42.0,140
d1py1a_,42.0,142
d1ujja_,42.0,140
d1ujka_,42.0,145
d1mhqa_,42.0,143
d3g2sa_,42.0,146
d3g2ta_,42.0,140
d3g2ua_,42.0,140
d3g2va_,42.0,140
d3g2wa_,42.0,139
d1dvpa1,42.0,145
d1jwgb_,42.0,140
d1py1b_,42.0,139
d1ujjb_,42.0,140
d1ujkb_,42.0,140
d1mhqb_,42.0,146
d3g2sb_,42.0,141
d3g2tb_,42.0,139
d3g2ub_,42.0,140
d3g2vb_,42.0,140
d3g2wb_,42.0,138
d1py1c_,42.0,138
d1py1d_,42.0,142
d6rx9a2,42.0,138
d6rx9b2,42.0,138
d1sgma2,42.0,111
d1pb6a4,42.0,126
d3loca2,42.0,126
d4jyka2,42.0,126
d4xk4a2,42.0,126
d1sgmb2,42.0,111
d1pb6b4,42.0,126
d3locb2,42.0,126
d4jykb2,42.0,126
d4xk4b2,42.0,126
d1pb6c4,42.0,126
d3locc2,42.0,126
d4xk4c2,42.0,126
d1pb6d4,42.0,126
d3locd2,42.0,126
d4xk4d2,42.0,126
d5i4va_,42.0,260
d5d1va_,41.0,121
d5d1vb_,41.0,121
d5v3ta_,41.0,130
d1idra_,41.0,127
d1rtea_,41.0,128
d1s56a_,41.0,128
d1s61a_,41.0,128
d2gkna_,41.0,127
d2glna_,41.0,128
d1ngka_,41.0,126
d5v3tb_,41.0,123
d1idrb_,41.0,126
d1rteb_,41.0,128
d1s56b_,41.0,135
d1s61b_,41.0,135
d2gknb_,41.0,126
d2glnb_,41.0,132
d1ngkb_,41.0,127
d1ngkc_,41.0,126
d1ngkd_,41.0,126
d1ngke_,41.0,127
d1ngkf_,41.0,126
d1ngkg_,41.0,127
d1ngkh_,41.0,127
d1ngki_,41.0,127
d1ngkj_,41.0,127
d1ngkk_,41.0,127
d1ngkl_,41.0,127
d3mkbb_,41.0,136
d3mkbd_,41.0,136
d1alla_,41.0,160
d6hrna_,41.0,162
d4rmpb1,41.0,155
d2aczb1,41.0,132
d2wp9b2,41.0,132
d1nekb1,41.0,132
d1nenb1,41.0,132
d2wdqb2,41.0,132
d2wu2b2,41.0,132
d2wu5b2,41.0,132
d7jz2b2,41.0,132
d2wp9f2,41.0,132
d2wdqf2,41.0,132
d2wu2f2,41.0,132
d2wu5f2,41.0,132
d7jz2f2,41.0,132
d2wp9j2,41.0,132
d2wdqj2,41.0,132
d2wu2j2,41.0,132
d2wu5j2,41.0,132
d7jz2j2,41.0,132
d3tria2,41.0,111
d3pefa2,41.0,125
d1yj8a2,41.0,157
d4jjfa2,41.0,100
d4jjga2,41.0,100
d5ok4a2,41.0,100
d6ggua2,41.0,100
d3pefb2,41.0,125
d1yj8b2,41.0,157
d4jjfb2,41.0,100
d4jjgb2,41.0,100
d3pefc2,41.0,125
d1yj8c2,41.0,157
d3pefd2,41.0,124
d3pefe2,41.0,124
d3peff2,41.0,124
d3pefg2,41.0,125
d3pefh2,41.0,125
d3dafa2,41.0,102
d3daga2,41.0,102
d1qmga1,41.0,288
d1qmgb1,41.0,288
d1qmgc1,41.0,288
d1qmgd1,41.0,288
d1yvei1,41.0,288
d1yvej1,41.0,288
d1yvek1,41.0,288
d1yvel1,41.0,288
d2hdha1,41.0,101
d1wdka1,41.0,124
d1wdla1,41.0,124
d1wdma1,41.0,124
d2d3ta1,41.0,124
d1wdkb1,41.0,124
d1wdlb1,41.0,124
d1wdmb1,41.0,124
d2d3tb1,41.0,124
d6o9qa1,41.0,204
d6a1da1,41.0,203
d6a1ea1,41.0,203
d6a1ia1,41.0,203
d6a3xa1,41.0,203
d6k16a1,41.0,200
d6o9pa1,41.0,200
d3o8ja_,41.0,364
d3o8jb_,41.0,364
d3o8jc_,41.0,363
d3o8jd_,41.0,362
d3o8je_,41.0,364
d3o8jf_,41.0,364
d3o8jg_,41.0,364
d3o8jh_,41.0,362
d3o8ji_,41.0,362
d3o8jj_,41.0,364
d1ue8a_,41.0,367
d3b4xa_,41.0,367
d1wiya_,41.0,385
d1wiyb_,41.0,385
d2he7a2,41.0,106
d5ryma2,41.0,106
d5ryna2,41.0,106
d5ryoa2,41.0,106
d5rypa2,41.0,106
d5ryqa2,41.0,106
d5ryra2,41.0,106
d5rysa2,41.0,106
d5ryta2,41.0,106
d5ryua2,41.0,106
d5ryva2,41.0,106
d5rywa2,41.0,106
d5ryxa2,41.0,106
d5ryya2,41.0,106
d5ryza2,41.0,106
d5rz0a2,41.0,106
d5rz1a2,41.0,106
d5rz2a2,41.0,106
d5rz3a2,41.0,106
d5rz4a2,41.0,106
d5rz5a2,41.0,106
d5rz6a2,41.0,106
d5rz7a2,41.0,106
d5rz8a2,41.0,106
d5rz9a2,41.0,106
d5rzaa2,41.0,106
d5rzba2,41.0,106
d5rzca2,41.0,106
d5rzda2,41.0,106
d5rzea2,41.0,106
d5rzfa2,41.0,106
d5rzga2,41.0,106
d5rzha2,41.0,106
d5rzia2,41.0,106
d5rzja2,41.0,106
d5rzka2,41.0,106
d5rzla2,41.0,106
d5rzma2,41.0,106
d5rzna2,41.0,106
d5rzoa2,41.0,106
d5rzpa2,41.0,106
d5rzqa2,41.0,106
d5rzra2,41.0,106
d5rzsa2,41.0,106
d5rzta2,41.0,106
d5rzua2,41.0,106
d5rzva2,41.0,106
d5rzwa2,41.0,106
d5rzxa2,41.0,106
d5rzya2,41.0,106
d5rzza2,41.0,106
d5s00a2,41.0,106
d6ibea2,41.0,106
d1mizb1,41.0,109
d1mk7b1,41.0,100
d1mk9b1,41.0,100
d1mk7d1,41.0,100
d1mk9d1,41.0,100
d1mk9f1,41.0,100
d1mk9h1,41.0,100
d2iosa_,41.0,126
d2hm8a1,41.0,131
d2iola1,41.0,127
d2iona1,41.0,129
d2nsza1,41.0,129
d2kztb_,41.0,131
d2iolb_,41.0,127
d1xqra1,41.0,267
d1xqsa1,41.0,264
d1xqrb2,41.0,267
d1xqsb1,41.0,264
d1y6ia1,41.0,82
d4xkba1,41.0,80
d4xkca1,41.0,79
d2yvya1,41.0,127
d5x9ga1,41.0,127
d5x9gb1,41.0,127
d5x9gc1,41.0,126
d5x9gd1,41.0,127
d2zy9a1,41.0,109
d2yvxa1,41.0,125
d2zy9b1,41.0,112
d2yvxb1,41.0,125
d2yvxc1,41.0,125
d2yvxd1,41.0,125
d5lypa1,41.0,136
d3zyqa1,41.0,142
d4avxa1,41.0,142
d2g3ba2,41.0,116
d2gena2,41.0,118
d2g3bb2,41.0,116
d1allb_,40.0,161
d4po5b_,40.0,161
d4po5d_,40.0,161
d4po5f_,40.0,161
d3ae1b2,40.0,133
d3ae2b2,40.0,133
d3aebb2,40.0,133
d4ytpb2,40.0,133
d4yxdb2,40.0,133
d1zoyb2,40.0,133
d3ae4b2,40.0,133
d3aefb2,40.0,133
d3sfdb2,40.0,133
d3sfeb2,40.0,133
d1z82a2,40.0,147
d2plaa2,40.0,151
d4j0ea2,40.0,98
d4j0fa2,40.0,98
d2i9pa2,40.0,131
d2gf2a2,40.0,134
d1z82b2,40.0,148
d4j0eb2,40.0,98
d4j0fb2,40.0,98
d2gf2b2,40.0,131
d2i9pb2,40.0,134
d2gf2c2,40.0,130
d2i9pc2,40.0,131
d2i9pd2,40.0,131
d2gf2d2,40.0,132
d3hdha1,40.0,99
d3hdhb1,40.0,99
d3hdhc1,40.0,92
d1txga1,40.0,155
d1txgb1,40.0,155
d5vyfc1,40.0,67
d5vyff1,40.0,68
d1puoa2,40.0,69
d1zkra2,40.0,73
d2ejna2,40.0,73
d1puob2,40.0,70
d1zkrb2,40.0,72
d2ejnb2,40.0,72
d6wgya1,40.0,373
d6wgyb1,40.0,373
d6wgyc_,40.0,371
d6wgyd_,40.0,373
d3o1aa_,40.0,383
d3oo3a_,40.0,382
d6b11a_,40.0,389
d5vwsa_,40.0,385
d6b11b_,40.0,389
d1te4a_,40.0,111
d3chma1,40.0,84
d1elka_,40.0,153
d1elkb_,40.0,153
d2o7ta2,40.0,110
d2oi8a2,40.0,130
d5ab8a_,39.0,117
d5v3va_,39.0,130
d5v3vb_,39.0,123
d1kn1b_,39.0,161
d2c7jb_,39.0,172
d2c7lb_,39.0,172
d1cpcb_,39.0,172
d1cpcl_,39.0,172
d1x9ba_,39.0,53
d3trib2,39.0,109
d1bg6a1,39.0,172
d5zzja1,39.0,203
d5zzjb1,39.0,203
d5zzjc1,39.0,203
d5zzjd1,39.0,203
d4j6ba_,39.0,407
d4j6ca_,39.0,407
d4j6da_,39.0,407
d4jbta_,39.0,407
d6to2a_,39.0,406
d2z3ta_,39.0,410
d2z3ua_,39.0,411
d3a1la_,39.0,411
d5hiwa1,39.0,392
d4j6bb_,39.0,407
d4j6cb_,39.0,406
d4j6db_,39.0,407
d4jbtb_,39.0,407
d6to2b_,39.0,406
d2z3tb_,39.0,410
d2z3tc_,39.0,410
d2z3td_,39.0,409
d1n97a_,39.0,385
d1n97b_,39.0,385
d3fp5a_,39.0,106
d1bvp11,39.0,216
d1bvp21,39.0,216
d1bvp31,39.0,216
d1bvp41,39.0,216
d1bvp51,39.0,216
d1bvp61,39.0,216
d2btvc1,39.0,216
d2btvd1,39.0,216
d2btve1,39.0,216
d2btvf1,39.0,216
d2btvg1,39.0,216
d2btvh1,39.0,216
d2btvi1,39.0,216
d2btvj1,39.0,216
d2btvp1,39.0,216
d2btvq1,39.0,216
d2btvr1,39.0,216
d2btvs1,39.0,216
d2btvt1,39.0,216
d1ug3b2,39.0,129
d1lrva_,39.0,233
d1nzna1,39.0,121
d1x5ba1,39.0,150
d2l0tb1,39.0,150
d1sb0a_,39.0,87
d2kwfa_,39.0,87
d2lqha_,39.0,87
d2lqia_,39.0,87
d2lxsa_,39.0,87
d2lxta_,39.0,87
d5u4ka_,39.0,87
d2aghb_,39.0,87
d6dnqb_,39.0,87
d6dnqd_,39.0,87
d2g7sa2,39.0,116
d2fbqa2,39.0,134
d5ooka_,38.0,162
d5toua_,38.0,162
d6hrnb_,38.0,172
d1ha7b_,38.0,172
d5touc_,38.0,162
d2uund_,38.0,172
d1ha7d_,38.0,172
d5toue_,38.0,162
d1ha7f_,38.0,172
d5toug_,38.0,162
d1ha7h_,38.0,172
d5toui_,38.0,162
d1ha7j_,38.0,172
d5touk_,38.0,162
d1ha7l_,38.0,172
d1ha7n_,38.0,172
d1ha7p_,38.0,172
d1ha7r_,38.0,172
d1ha7t_,38.0,172
d1ha7v_,38.0,172
d1ha7x_,38.0,172
d3doja2,38.0,126
d6xp0a2,38.0,109
d6xp1a2,38.0,109
d6xp3a2,38.0,109
d5uata2,38.0,110
d5uaua2,38.0,110
d5uava2,38.0,110
d5uawa2,38.0,110
d6xp2a2,38.0,110
d2gera2,38.0,111
d2gr9a2,38.0,111
d2graa2,38.0,111
d5bsea2,38.0,105
d5bsfa2,38.0,105
d5bsga2,38.0,105
d5bsha2,38.0,105
d6jx2a2,38.0,143
d7mqva2,38.0,112
d3rqsa2,38.0,99
d2izzb2,38.0,109
d5uatb2,38.0,109
d5uavb2,38.0,109
d6xp0b2,38.0,109
d6xp2b2,38.0,109
d6xp3b2,38.0,109
d5uaub2,38.0,110
d2gerb2,38.0,111
d2gr9b2,38.0,111
d2grab2,38.0,111
d5uawb2,38.0,111
d6xp1b2,38.0,111
d5bseb2,38.0,105
d5bsfb2,38.0,105
d5bsgb2,38.0,105
d5bshb2,38.0,105
d6jx2b2,38.0,145
d7mqvb2,38.0,114
d5uatc2,38.0,109
d5uavc2,38.0,109
d6xp0c2,38.0,109
d6xp3c2,38.0,109
d5uauc2,38.0,110
d5uawc2,38.0,110
d6xp1c2,38.0,110
d6xp2c2,38.0,110
d2gerc2,38.0,111
d2gr9c2,38.0,111
d2grac2,38.0,111
d2izzc2,38.0,111
d5bsec2,38.0,105
d5bsfc2,38.0,105
d5bsgc2,38.0,105
d5bshc2,38.0,105
d6jx2c2,38.0,141
d7mqvc2,38.0,113
d5uatd2,38.0,109
d5uavd2,38.0,109
d6xp0d2,38.0,109
d6xp3d2,38.0,109
d2gerd2,38.0,111
d2gr9d2,38.0,111
d2grad2,38.0,111
d5uaud2,38.0,111
d5uawd2,38.0,111
d6xp1d2,38.0,111
d6xp2d2,38.0,111
d5bsed2,38.0,105
d5bsfd2,38.0,105
d5bsgd2,38.0,105
d5bshd2,38.0,105
d6jx2d2,38.0,140
d7mqvd2,38.0,115
d6xp0e2,38.0,109
d6xp3e2,38.0,109
d5uate2,38.0,110
d5uaue2,38.0,110
d5uave2,38.0,110
d6xp2e2,38.0,110
d2gere2,38.0,111
d2gr9e2,38.0,111
d2grae2,38.0,111
d5uawe2,38.0,111
d6xp1e2,38.0,111
d5bsee2,38.0,105
d5bsfe2,38.0,105
d5bsge2,38.0,105
d5bshe2,38.0,105
d5bsef2,38.0,105
d5bsff2,38.0,105
d5bsgf2,38.0,105
d5bshf2,38.0,105
d5bseg2,38.0,105
d5bsfg2,38.0,105
d5bsgg2,38.0,105
d5bshg2,38.0,105
d5bseh2,38.0,105
d5bsfh2,38.0,105
d5bsgh2,38.0,105
d5bshh2,38.0,105
d5bsei2,38.0,105
d5bsfi2,38.0,105
d5bsgi2,38.0,105
d5bshi2,38.0,105
d5bsej2,38.0,105
d5bsfj2,38.0,105
d5bsgj2,38.0,105
d5bshj2,38.0,105
d2ahra1,38.0,104
d2amfa1,38.0,104
d2ahrb1,38.0,104
d2amfb1,38.0,104
d2ahrc1,38.0,104
d2amfc1,38.0,104
d2ahrd1,38.0,104
d2amfd1,38.0,104
d2ahre1,38.0,104
d2amfe1,38.0,104
d2b0ja1,38.0,102
d3f47a2,38.0,102
d3f46a2,38.0,103
d3h65a2,38.0,103
d1np3a1,38.0,145
d1np3b1,38.0,145
d1np3c1,38.0,145
d1np3d1,38.0,145
d1f0ya1,38.0,99
d1f12a1,38.0,99
d1f14a1,38.0,99
d1f17a1,38.0,99
d1il0a1,38.0,99
d1lsja1,38.0,99
d1lsoa1,38.0,99
d1m75a1,38.0,99
d1m76a1,38.0,99
d3hada1,38.0,99
d1f0yb1,38.0,99
d1f12b1,38.0,99
d1f14b1,38.0,99
d1f17b1,38.0,99
d1il0b1,38.0,99
d1lsjb1,38.0,99
d1lsob1,38.0,99
d1m75b1,38.0,99
d1m76b1,38.0,99
d2hdhb1,38.0,99
d3hadb1,38.0,99
d1dlja1,38.0,98
d1ks9a1,38.0,124
d1yona1,38.0,125
d2ofpa1,38.0,125
d1yjqa1,38.0,126
d2ofpb1,38.0,126
d6d21a2,38.0,104
d6d81a_,38.0,186
d6d85a_,38.0,186
d6d86a_,38.0,185
d6d87a_,38.0,186
d6mrpa_,38.0,186
d1pbwa_,38.0,184
d6d81b_,38.0,186
d6d85b_,38.0,185
d6d86b_,38.0,186
d6d87b_,38.0,185
d6mrpb_,38.0,185
d1pbwb_,38.0,195
d1ug3a2,38.0,127
d2y69e_,38.0,104
d5iy5e_,38.0,105
d6juwe_,38.0,105
d7cp5e_,38.0,105
d7d5we_,38.0,105
d7d5xe_,38.0,105
d1occe_,38.0,109
d1ocoe_,38.0,109
d1ocre_,38.0,109
d1ocze_,38.0,109
d1v54e_,38.0,105
d1v55e_,38.0,105
d2dyre_,38.0,105
d2dyse_,38.0,105
d2eije_,38.0,105
d2eike_,38.0,105
d2eile_,38.0,105
d2eime_,38.0,105
d2eine_,38.0,105
d2occe_,38.0,105
d2zxwe_,38.0,104
d3abke_,38.0,105
d3able_,38.0,104
d3abme_,38.0,104
d3ag1e_,38.0,105
d3ag2e_,38.0,105
d3ag3e_,38.0,105
d3ag4e_,38.0,105
d3asne_,38.0,105
d3asoe_,38.0,105
d3wg7e_,38.0,105
d3x2qe_,38.0,105
d5b1ae_,38.0,105
d5b1be_,38.0,105
d5b3se_,38.0,105
d5w97e_,38.0,105
d5waue_,38.0,105
d5x19e_,38.0,105
d5x1be_,38.0,105
d5x1fe_,38.0,105
d5xdqe_,38.0,105
d5xdxe_,38.0,105
d5z84e_,38.0,105
d5z85e_,38.0,105
d5z86e_,38.0,105
d5zcoe_,38.0,105
d5zcpe_,38.0,105
d5zcqe_,38.0,105
d6j8me_,38.0,105
d6jy3e_,38.0,102
d6jy4e_,38.0,102
d6nkne_,38.0,105
d6nmfe_,38.0,105
d6nmpe_,38.0,105
d7cohe_,38.0,102
d7ev7e_,38.0,105
d2y69r_,38.0,104
d5iy5r_,38.0,105
d6juwr_,38.0,105
d7cp5r_,38.0,105
d7d5wr_,38.0,105
d7d5xr_,38.0,105
d1occr_,38.0,109
d1ocor_,38.0,109
d1ocrr_,38.0,109
d1oczr_,38.0,109
d1v54r_,38.0,105
d1v55r_,38.0,105
d2dyrr_,38.0,105
d2dysr_,38.0,105
d2eijr_,38.0,105
d2eikr_,38.0,105
d2eilr_,38.0,105
d2eimr_,38.0,105
d2einr_,38.0,105
d2occr_,38.0,105
d2zxwr_,38.0,104
d3abkr_,38.0,105
d3ablr_,38.0,104
d3abmr_,38.0,104
d3ag1r_,38.0,105
d3ag2r_,38.0,105
d3ag3r_,38.0,105
d3ag4r_,38.0,105
d3asnr_,38.0,105
d3asor_,38.0,105
d3wg7r_,38.0,105
d3x2qr_,38.0,105
d5b1ar_,38.0,105
d5b1br_,38.0,105
d5b3sr_,38.0,105
d5x19r_,38.0,105
d5x1br_,38.0,105
d5x1fr_,38.0,105
d5xdqr_,38.0,105
d5xdxr_,38.0,105
d5z84r_,38.0,105
d5z85r_,38.0,105
d5z86r_,38.0,105
d5zcor_,38.0,105
d5zcpr_,38.0,105
d5zcqr_,38.0,105
d6j8mr_,38.0,105
d6nknr_,38.0,105
d6nmfr_,38.0,105
d6nmpr_,38.0,105
d7cohr_,38.0,102
d7ev7r_,38.0,105
d1l5ja1,38.0,160
d1l5jb1,38.0,160
d1dcea1,38.0,335
d1ltxa1,38.0,312
d1dcec1,38.0,335
d4gcoa_,38.0,120
d2v5fa_,38.0,97
d1tjca_,38.0,95
d3re2a2,38.0,253
d2c2la1,38.0,201
d1tjcb_,38.0,95
d2c2lb1,38.0,201
d2c2lc1,38.0,201
d2c2ld1,38.0,201
d4flda_,38.0,129
d4fu3a_,38.0,128
d4hfga_,38.0,129
d4naca1,38.0,128
d4fldb_,38.0,128
d4fu3b_,38.0,128
d4hfgb_,38.0,128
d4nacb1,38.0,130
d1kdxa_,38.0,81
d1zk8a2,38.0,105
d3whba2,38.0,116
d3whca2,38.0,116
d1vi0a2,38.0,117
d1zk8b2,38.0,106
d3whbb2,38.0,115
d3whcb2,38.0,116
d1vi0b2,38.0,116
d3whcc2,38.0,117
d3whcd2,38.0,116
d3whce2,38.0,116
d3whcf2,38.0,115
d1dlwa_,37.0,116
d1uvya_,37.0,116
d5tjfb_,37.0,161
d2fbwb2,37.0,132
d2h88b2,37.0,132
d2wqyb2,37.0,132
d6myob2,37.0,133
d6mypb2,37.0,133
d6myqb2,37.0,133
d6myrb2,37.0,133
d6mysb2,37.0,133
d6mytb2,37.0,133
d6myub2,37.0,133
d1yq3b2,37.0,133
d1yq4b2,37.0,133
d2h89b2,37.0,133
d2fbwo2,37.0,132
d2h88o2,37.0,132
d2wqyo2,37.0,132
d6sm7a2,37.0,132
d6smya2,37.0,132
d6smza2,37.0,132
d4kuga2,37.0,99
d4r1na2,37.0,99
d4fgwa2,37.0,151
d6haca2,37.0,100
d6haea2,37.0,100
d6hava2,37.0,100
d6yk9a2,37.0,100
d6ykaa2,37.0,100
d6ykba2,37.0,100
d6smyb2,37.0,131
d6smzb2,37.0,132
d6sm7b2,37.0,133
d4kugb2,37.0,99
d4r1nb2,37.0,99
d4fgwb2,37.0,151
d6yk9b2,37.0,100
d6ykab2,37.0,100
d6smyc2,37.0,132
d6sm7c2,37.0,133
d6smzc2,37.0,133
d4kugc2,37.0,99
d4r1nc2,37.0,99
d6yk9c2,37.0,100
d6ykbc2,37.0,100
d6sm7d2,37.0,133
d6smyd2,37.0,133
d6smzd2,37.0,133
d4kugd2,37.0,99
d4r1nd2,37.0,99
d6yk9e2,37.0,100
d6haek2,37.0,100
d1dlia1,37.0,98
d5vyfc2,37.0,69
d5vyff2,37.0,69
d1zkra1,37.0,73
d2ejna1,37.0,73
d1puoa1,37.0,70
d1zkrb1,37.0,73
d2ejnb1,37.0,73
d1puob1,37.0,70
d4rmaa2,37.0,111
d4rmab2,37.0,111
d1ni2a1,37.0,111
d1ni2b1,37.0,111
d6t0bf_,37.0,102
d6t0bs_,37.0,102
d1elwa_,37.0,117
d2pqra_,37.0,98
d1elwb_,37.0,115
d6rxba2,37.0,138
d6rxbb2,37.0,141
d6rxbc2,37.0,138
d6rxbd2,37.0,141
d2hyja2,37.0,118
d2hkua2,37.0,121
d2ofla2,37.0,146
d3c07a2,37.0,146
d2hkub2,37.0,123
d2oflb2,37.0,140
d3c07b2,37.0,140
d2bmma_,36.0,123
d1ux8a_,36.0,119
d4l1eb_,36.0,172
d5toub_,36.0,172
d2uumb_,36.0,172
d4f0tb_,36.0,172
d4l1ed_,36.0,172
d5toud_,36.0,172
d2uumd_,36.0,172
d4l1ef_,36.0,172
d5touf_,36.0,172
d2uumf_,36.0,172
d4l1eh_,36.0,172
d5touh_,36.0,172
d2uumh_,36.0,172
d4l1ej_,36.0,172
d5touj_,36.0,172
d2uumj_,36.0,172
d4l1el_,36.0,172
d5toul_,36.0,172
d2uuml_,36.0,172
d2uumn_,36.0,172
d2uump_,36.0,172
d2uumr_,36.0,172
d2uumt_,36.0,172
d2uumv_,36.0,172
d2uumx_,36.0,172
d3vr8b2,36.0,143
d3vr9b2,36.0,143
d3vrbb2,36.0,143
d4ysxb2,36.0,144
d4ysyb2,36.0,144
d4ytnb2,36.0,144
d5c2tb2,36.0,144
d5c3jb2,36.0,144
d3vr8f2,36.0,143
d3vr9f2,36.0,143
d3vrbf2,36.0,143
d4ysxf2,36.0,144
d4ysyf2,36.0,144
d4ytnf2,36.0,144
d5c2tf2,36.0,144
d5c3jf2,36.0,144
d1e7pb1,36.0,133
d1qlab4,36.0,133
d1qlbb1,36.0,133
d2bs3b1,36.0,133
d2bs4b1,36.0,133
d2bs2b1,36.0,134
d1e7pe1,36.0,133
d1qlae4,36.0,133
d1qlbe1,36.0,133
d2bs3e1,36.0,133
d2bs4e1,36.0,133
d2bs2e1,36.0,134
d1e7ph1,36.0,133
d1e7pk1,36.0,133
d4xdya2,36.0,144
d4xdyb2,36.0,144
d1wp4a1,36.0,132
d2cvza1,36.0,132
d1wp4b1,36.0,132
d2cvzb1,36.0,132
d1wp4c1,36.0,132
d2cvzc1,36.0,132
d1wp4d1,36.0,132
d2cvzd1,36.0,132
d2g5ca1,36.0,110
d2g5cb1,36.0,110
d2g5cc1,36.0,107
d2g5cd1,36.0,107
d4xiya2,36.0,146
d4xiyb2,36.0,146
d4xiyc2,36.0,146
d4xiyd2,36.0,146
d1mfza1,36.0,98
d1muua1,36.0,98
d1mv8a1,36.0,98
d1mfzb1,36.0,98
d1muub1,36.0,98
d1mv8b1,36.0,98
d1mfzc1,36.0,98
d1muuc1,36.0,98
d1mv8c1,36.0,98
d1mfzd1,36.0,98
d1muud1,36.0,98
d1mv8d1,36.0,98
d1i36a1,36.0,112
d1i36b1,36.0,112
d7cjya1,36.0,211
d6a2ca1,36.0,206
d6a2aa1,36.0,205
d6a2da1,36.0,205
d7cjyb1,36.0,211
d6a2ab1,36.0,204
d6a2cb1,36.0,203
d6a2db1,36.0,203
d5h3ga1,36.0,91
d1acaa_,36.0,86
d1hb6a_,36.0,86
d1hb8a_,36.0,86
d1ntia_,36.0,86
d1nvla_,36.0,86
d2abda_,36.0,86
d1hbka_,36.0,89
d2cb8a_,36.0,86
d2fj9a_,36.0,86
d1hb8b_,36.0,86
d2cb8b_,36.0,85
d1hb8c_,36.0,86
d7edra2,36.0,111
d7edrb2,36.0,111
d2b8wa2,36.0,25
d2bc9a2,36.0,25
d2d4ha2,36.0,33
d2b8wb2,36.0,26
d2d4hb2,36.0,28
d6d82a_,36.0,186
d6d82b_,36.0,185
d1qc7a_,36.0,101
d1qc7b_,36.0,90
d1rw2a1,36.0,151
d2i10a2,36.0,116
d3sfia2,36.0,120
d5eyra2,36.0,120
d1t56a2,36.0,120
d3q0wa2,36.0,120
d4m3da2,36.0,120
d4m3ea2,36.0,120
d4m3fa2,36.0,120
d5ezga2,36.0,120
d5ezha2,36.0,120
d5f04a2,36.0,120
d5f08a2,36.0,120
d5f0ca2,36.0,120
d5f0fa2,36.0,120
d5f0ha2,36.0,120
d5j1ra2,36.0,120
d5j1ua2,36.0,120
d5j1ya2,36.0,120
d5j3la2,36.0,120
d5mwoa2,36.0,120
d5mxka2,36.0,120
d5mxva2,36.0,120
d5myla2,36.0,120
d5myna2,36.0,120
d5myra2,36.0,120
d5mysa2,36.0,120
d5myta2,36.0,120
d5mywa2,36.0,120
d5nioa2,36.0,120
d5niza2,36.0,120
d6hnxa2,36.0,120
d6ho3a2,36.0,120
d6ho4a2,36.0,120
d6ho5a2,36.0,120
d6ho7a2,36.0,120
d6hoaa2,36.0,120
d6hoba2,36.0,120
d6hoda2,36.0,120
d6hofa2,36.0,120
d5ioya2,36.0,120
d5ioza2,36.0,120
d5ip6a2,36.0,120
d5ipaa2,36.0,120
d3g1la2,36.0,121
d3g1ma2,36.0,121
d3g1oa2,36.0,121
d3o8ga2,36.0,121
d3o8ha2,36.0,121
d1u9na2,36.0,121
d1u9oa2,36.0,121
d3q0ua2,36.0,121
d3q3sa2,36.0,121
d3tp3a2,36.0,121
d5f1ja2,36.0,121
d5nj0a2,36.0,121
d6r1pa2,36.0,121
d6r1sa2,36.0,121
d5nima2,36.0,122
d3tp0a2,36.0,118
d4dw6a2,36.0,118
d4m3ga2,36.0,118
d6ho1a2,36.0,118
d6ho2a2,36.0,118
d6ho8a2,36.0,118
d5nz1a2,36.0,119
d3q0va2,36.0,117
d3sdga2,36.0,117
d4m3ba2,36.0,117
d5f27a2,36.0,117
d5myma2,36.0,117
d5nz0a2,36.0,117
d6hnza2,36.0,117
d6ho0a2,36.0,117
d6ho6a2,36.0,117
d6ho9a2,36.0,117
d6hoca2,36.0,117
d6hoea2,36.0,117
d2i10b2,36.0,118
d5mymb2,36.0,120
d3q0vb2,36.0,121
d5nz1b2,36.0,121
d5mymc2,36.0,120
d5nz1c2,36.0,118
d5nz1d2,36.0,120
d5mymd2,36.0,118
d5nz1e2,36.0,120
d5nz1f2,36.0,120
d5nz1g2,36.0,120
d5nz1h2,36.0,116
d2uuna_,35.0,162
d2uula_,35.0,162
d1gh0b_,35.0,172
d2uunc_,35.0,162
d1gh0d_,35.0,172
d2uune_,35.0,162
d2uule_,35.0,162
d1gh0f_,35.0,172
d2uung_,35.0,162
d2uulg_,35.0,162
d1gh0h_,35.0,172
d2uuni_,35.0,162
d2uuli_,35.0,162
d1gh0j_,35.0,172
d2uunk_,35.0,162
d2uulk_,35.0,162
d1gh0l_,35.0,172
d2uunm_,35.0,162
d2uulm_,35.0,162
d1gh0n_,35.0,172
d2uuno_,35.0,162
d2uulo_,35.0,162
d1gh0p_,35.0,172
d2uunq_,35.0,162
d2uulq_,35.0,162
d1gh0r_,35.0,172
d2uuns_,35.0,162
d2uuls_,35.0,162
d1gh0t_,35.0,172
d2uunu_,35.0,162
d2uulu_,35.0,162
d1gh0v_,35.0,172
d2uunw_,35.0,162
d2uulw_,35.0,162
d1gh0x_,35.0,172
d2h78a2,35.0,134
d5uaxa2,35.0,106
d6xoza2,35.0,106
d2izza2,35.0,107
d4kuea2,35.0,97
d4kuha2,35.0,97
d5uaxb2,35.0,106
d6xozb2,35.0,107
d4kueb2,35.0,97
d4kuhb2,35.0,97
d5uaxc2,35.0,106
d6xozc2,35.0,106
d4kuec2,35.0,97
d4kuhc2,35.0,97
d5uaxd2,35.0,105
d6xozd2,35.0,106
d2izzd2,35.0,107
d4kued2,35.0,97
d4kuhd2,35.0,97
d5uaxe2,35.0,106
d6xoze2,35.0,107
d2izze2,35.0,108
d4kuhe2,35.0,97
d4kuhf2,35.0,97
d4kuhg2,35.0,97
d4kuhh2,35.0,97
d3cuma4,35.0,134
d3obba1,35.0,134
d3q3ca2,35.0,134
d1wdka2,35.0,95
d1wdla2,35.0,95
d1wdma2,35.0,95
d2d3ta2,35.0,95
d1wdkb2,35.0,95
d1wdlb2,35.0,95
d1wdmb2,35.0,95
d2d3tb2,35.0,95
d1e5wa1,35.0,111
d1ef1a1,35.0,111
d1sgha1,35.0,111
d4yl8a2,35.0,111
d1ef1b1,35.0,111
d2jnta_,35.0,108
d6px0a_,35.0,135
d3rkva_,35.0,147
d2lnia1,35.0,122
d2if4a2,35.0,132
d7beva1,35.0,122
d1pc2a1,35.0,145
d2vgxa1,35.0,64
d1iyga1,35.0,120
d5svha_,35.0,85
d6dmxb_,35.0,84
d6dmxd_,35.0,81
d6dmxg_,35.0,85
d6dmxi_,35.0,81
d1ui5a2,35.0,133
d1ui6a2,35.0,133
d1ui5b2,35.0,133
d1ui6b2,35.0,133
d4l1ea_,34.0,162
d1gh0a_,34.0,162
d2uuma_,34.0,162
d4l1ec_,34.0,162
d1gh0c_,34.0,162
d2uumc_,34.0,162
d2uuld_,34.0,172
d4l1ee_,34.0,162
d1gh0e_,34.0,162
d2uume_,34.0,162
d4l1eg_,34.0,162
d1gh0g_,34.0,162
d2uumg_,34.0,162
d4l1ei_,34.0,162
d1gh0i_,34.0,162
d2uumi_,34.0,162
d4l1ek_,34.0,162
d1gh0k_,34.0,162
d2uumk_,34.0,162
d1gh0m_,34.0,162
d2uumm_,34.0,162
d1gh0o_,34.0,162
d2uumo_,34.0,162
d1gh0q_,34.0,162
d2uumq_,34.0,162
d1gh0s_,34.0,162
d2uums_,34.0,162
d1gh0u_,34.0,162
d2uumu_,34.0,162
d1gh0w_,34.0,162
d2uumw_,34.0,162
d2i76b1,34.0,100
d2i76a1,34.0,103
d1iiea_,34.0,75
d1iieb_,34.0,75
d1iiec_,34.0,75
d2lbba_,34.0,88
d1st7a_,34.0,86
d3flva1,34.0,90
d3flvb1,34.0,87
d4kbqa_,34.0,130
d4kbqb_,34.0,126
d4i9oa_,34.0,78
d5gp9a2,34.0,117
d5gpaa2,34.0,117
d5gpab2,34.0,115
d5gp9b2,34.0,116
d2g7ga2,34.0,132
d2fq4a2,34.0,115
d1ha7a_,33.0,162
d5ookb_,33.0,172
d4f0ub_,33.0,161
d1ha7c_,33.0,162
d4f0ud_,33.0,161
d1ha7e_,33.0,162
d4f0uf_,33.0,161
d1ha7g_,33.0,162
d1ha7i_,33.0,162
d1ha7k_,33.0,162
d1ha7m_,33.0,162
d1ha7o_,33.0,162
d1ha7q_,33.0,162
d1ha7s_,33.0,162
d1ha7u_,33.0,162
d1ha7w_,33.0,162
d6hrda2,33.0,97
d6hrdb2,33.0,97
d6hrdc2,33.0,97
d6hrdd2,33.0,97
d6hrde2,33.0,97
d6hrdf2,33.0,97
d2wh5a_,33.0,90
d2wh5b_,33.0,89
d2wh5c_,33.0,90
d2wh5d_,33.0,89
d2wh5e_,33.0,89
d2wh5f_,33.0,89
d2d2qa1,33.0,111
d2d2qb1,33.0,111
d1gc6a1,33.0,111
d1gc7a1,33.0,111
d1j19a1,33.0,111
d2d10a1,33.0,111
d2d11a1,33.0,111
d2emsa1,33.0,111
d2emta1,33.0,111
d2yvca1,33.0,111
d2zpya1,33.0,111
d2d10b1,33.0,111
d2d11b1,33.0,111
d2emtb1,33.0,111
d2yvcb1,33.0,111
d2d10c1,33.0,111
d2d11c1,33.0,111
d2yvcc1,33.0,111
d2d10d1,33.0,111
d2d11d1,33.0,111
d1h2ua2,33.0,190
d1h6ka2,33.0,190
d1n52a2,33.0,190
d1n54a2,33.0,190
d1h2ub2,33.0,190
d1h6kb2,33.0,190
d1h2tc2,33.0,190
d1h2vc2,33.0,190
d1h6kc2,33.0,190
d1elra_,33.0,128
d2nc9a_,33.0,131
d2q7fa1,33.0,65
d3eska1,33.0,127
d2uulc_,32.0,162
d6lumb2,32.0,128
d6lumk2,32.0,128
d6lumq2,32.0,128
d5y8ka2,32.0,131
d5y8ma2,32.0,131
d5y8oa2,32.0,131
d5y8ja2,32.0,132
d5y8na2,32.0,132
d5y8pa2,32.0,132
d5y8ga2,32.0,133
d5y8ha2,32.0,133
d5y8la2,32.0,133
d5y8ia2,32.0,134
d5y8mb2,32.0,130
d5y8gb2,32.0,131
d5y8hb2,32.0,131
d5y8ib2,32.0,131
d5y8jb2,32.0,131
d5y8kb2,32.0,131
d5y8lb2,32.0,131
d5y8nb2,32.0,131
d5y8ob2,32.0,131
d5y8pb2,32.0,131
d1utga_,32.0,70
d2utga_,32.0,70
d2utgb_,32.0,70
d6d2ka2,32.0,104
d6vkja2,32.0,28
d1q2za_,32.0,120
d2gvsa_,32.0,109
d2f42a1,32.0,78
d6evla_,32.0,94
d4ypoa2,31.0,145
d4ypob2,31.0,145
d2vsna1,31.0,168
d2vsnb1,31.0,169
d2feza2,31.0,179
d2ff4a2,31.0,179
d2ff4b2,31.0,179
d2np5a2,31.0,118
d2id3a2,31.0,123
d2np5b2,31.0,118
d2id3b2,31.0,123
d2np5c2,31.0,116
d2np5d2,31.0,115
d4pzca2,30.0,99
d4pzda2,30.0,99
d4pzea2,30.0,99
d4pzcb2,30.0,99
d4pzdb2,30.0,99
d4pzeb2,30.0,99
d4pzcc2,30.0,99
d4pzdc2,30.0,99
d4pzec2,30.0,99
d4pzdd2,30.0,99
d4pzed2,30.0,99
d4pzde2,30.0,99
d4pzee2,30.0,99
d4pzdf2,30.0,99
d4pzef2,30.0,99
d4pzdg2,30.0,99
d4pzeg2,30.0,99
d4pzdh2,30.0,99
d4pzeh2,30.0,99
d4pzdi2,30.0,99
d4pzei2,30.0,99
d1ccda_,30.0,77
d1z3xa1,30.0,87
d1z3ya1,30.0,87
d6fdpa1,30.0,115
d6fdta1,30.0,116
d2iu5a2,30.0,109
d2fd5a2,30.0,104
d2iu5b2,30.0,109
d1utra_,29.0,68
d1utrb_,29.0,68
d3epya_,29.0,88
d3epyb_,29.0,86
d1dd3a1,28.0,57
d1dd4a1,28.0,57
d1dd3b1,28.0,57
d1dd4b1,28.0,57
d1dd4c_,28.0,35
d1dd4d_,28.0,40
d1yl3i1,28.0,57
d1yl3j1,28.0,57
d4zria2,28.0,111
d4zrja2,28.0,111
d6cdsa2,28.0,111
d3wa0a2,28.0,111
d4p7ia2,28.0,111
d4zrka2,28.0,111
d4zrib2,28.0,111
d6cdsb2,28.0,111
d3wa0b2,28.0,111
d4p7ib2,28.0,111
d4zrkb2,28.0,111
d3u8zc2,28.0,111
d3wa0c2,28.0,111
d4zrkc2,28.0,111
d3wa0d2,28.0,111
d4zrkd2,28.0,111
d3wa0e2,28.0,111
d3wa0f2,28.0,111
d1h4ra1,28.0,111
d1isna1,28.0,111
d1h4rb1,28.0,111
d1k19a_,28.0,112
d1kx8a_,28.0,100
d1kx9a_,28.0,108
d1kx9b_,28.0,102
d1n8ua_,27.0,100
d1n8va_,27.0,101
d1n8vb_,27.0,103
d1erya_,26.0,39
d6qnpa2,26.0,33
d6qnpb2,26.0,33
d1erca_,25.0,40
d2erla_,25.0,40
d6e6oa_,25.0,40
d1erpa_,25.0,38
d1erda_,24.0,40
d1dd3c_,24.0,32
d1dd3d_,24.0,32
d1c9la1,24.0,29
d1c9lb1,24.0,29
d1hd6a_,23.0,37
d2gya31,23.0,47
d2gyc31,23.0,47
d2gya51,23.0,47
d2gyc51,23.0,47
d1rqua1,23.0,51
d1rqva1,23.0,51
d1rqub1,23.0,51
d1rqvb1,23.0,51
d6qnna2,23.0,26
d2xzga2,23.0,27
d2xzha2,23.0,27
d4g55a2,23.0,27
d6e4la2,23.0,27
d6qnpc2,23.0,28
d6qnpd2,23.0,27
d1utca1,23.0,25
d1c9ia1,23.0,27
d1utcb1,23.0,25
d3gc3b2,23.0,26
d1c9ib1,23.0,28
d1zavu1,22.0,30
d1zawu1,22.0,30
d1zaxu1,22.0,30
d1zavv1,22.0,30
d1zawv1,22.0,30
d1zaxv1,22.0,30
d1zavw1,22.0,30
d1zaww1,22.0,30
d1zaxw1,22.0,30
d1zavx1,22.0,29
d1zawx1,22.0,29
d1zaxx1,22.0,29
d1zavy1,22.0,29
d1zawy1,22.0,29
d1zaxy1,22.0,29
d1zavz1,22.0,27
d1zawz1,22.0,27
d1zaxz1,22.0,29
d1rqta_,21.0,37
d1rqtb_,21.0,37
d7ckfa2,21.0,22
d7ckfb2,21.0,22
